id,age,in_out_ratio,favorites_ratio,status_ratio,account_rep,avg_tpd,hashtags_ratio,user_mentions_ratio,screen_name_binary,description_binary,id,bot
259570426,269128641.183568,0.748898678414097,0.06388617697613441,0.2696702947736327,0.4282115869017632,1.8494382022471907,0.6196840826245443,1.088699878493317,False,False,259570426,0
379554483,251246312.47339705,1.6574074074074074,7.052062904157473,54.54679698612933,0.6236933797909407,13.698630136986301,0.21,1.386,False,False,379554483,0
20681749,333719686.86648196,0.6007077558242406,36.695956762357774,79.22855330551246,0.3752763448784083,200.0,0.185,1.4169999999999998,False,False,20681749,0
970451120,214304207.00384808,0.6031746031746031,0.4144538329030804,4.695262001935092,0.3762376237623761,4.366812227074236,0.054000000000000006,1.179,False,False,970451120,0
2277635479,179240135.26853204,1.0796586059743956,9.005375930908377,28.36245125782668,0.5191518467852257,8.849557522123892,0.324,1.27,False,False,2277635479,0
296656431,263081500.54989696,1.624413145539906,0.024302735033196937,1.7563652291559084,0.6189624329159212,4.366812227074236,0.358,0.797,False,False,296656431,0
2166482420,184950467.14736104,1.148217636022514,15.34594664061381,29.938376936286673,0.5344978165938865,3.154574132492113,1.107,1.636,False,False,2166482420,0
33599092,327923332.4938121,0.4296875,0.8336387591607514,1.2235835643307615,0.3005464480874317,2.702702702702702,0.593,1.0070000000000001,False,False,33599092,0
3013427802,144766714.17910004,0.7859531772575251,0.08832969700604068,21.049324889905733,0.4400749063670412,47.61904761904761,0.769,1.661,False,False,3013427802,1
1909746842,187928269.96976304,0.8133718133718134,0.0,53.47764655959958,0.44854111405835545,17.24137931034483,0.266,0.068,False,False,1909746842,0
76694295,314448415.19444984,0.4163934426229508,0.21541720907740036,0.9067305994329351,0.29398148148148145,2.409638554216868,3.437,0.297,False,False,76694295,1
2369924384,174344393.50065088,2.507640067911715,5.401722310023604,20.607818398167108,0.7149080348499516,9.345794392523365,0.015,0.28800000000000003,False,False,2369924384,0
1075593628607832064,22893828.95528889,0.6311787072243346,6.6610089687409255,0.9548075178988412,0.3869463869463869,1.876923076923077,0.0942622950819672,0.9262295081967212,False,False,1075593628607832064,0
3326359645,127844813.69797206,0.1587861679604799,88.05115259969723,88.71683466796676,0.13702801461632155,333.3333333333333,1.483,1.3,False,False,3326359645,0
2786203847,156413298.63905406,0.8812949640287769,2.701703778878604,16.01412681526674,0.4684512428298279,20.0,0.48200000000000004,1.39,False,False,2786203847,0
609065499,228416840.03359893,2.1303418803418803,0.02383011690030969,0.559440363421556,0.6805460750853243,2.2573363431151243,0.15,0.79,False,False,609065499,0
132714768,296969322.99395984,6.008951406649617,32.2404210087206,22.702854059229303,0.8573253056011677,10.20408163265306,0.023,0.765,False,False,132714768,0
251750407,270544876.5855291,1.0659630606860158,1.897291149912892,11.592605410173032,0.5159642401021711,3.4129692832764507,0.047,0.888,False,False,251750407,0
253264822,270276959.13801605,1.0477453580901857,3.9533847184301414,1.0402129759660126,0.5116580310880829,1.7152658662092624,0.057,1.151,False,False,253264822,0
198075393,282080277.455544,0.8597110754414126,0.3179350247701529,8.230474037185722,0.4622820645606767,7.633587786259542,0.521,0.835,False,False,198075393,0
19185745,335793948.89799815,11.610221205186882,5.678882559552188,17.69353622808961,0.9206992499395112,6.849315068493151,0.81,1.121,False,False,19185745,0
290606170,263997325.96359897,1.023287671232877,3.1497046303970992,3.966258355754618,0.5057549085985105,3.115264797507788,0.016,0.772,False,False,290606170,0
3371446127,131519537.38849808,36.67625899280576,0.00788323940752146,111.29754476523985,0.9734580866908537,100.0,0.003,0.8109999999999999,False,False,3371446127,1
22502369,332159453.47672296,0.535175879396985,0.9538455000565044,0.9845391921772207,0.3486088379705401,4.545454545454546,0.5760000000000001,1.3530000000000002,False,False,22502369,0
176611682,286775892.30099016,91.42857142857143,3.653328010223343,5.397742423813411,0.9891808346213292,9.433962264150944,0.02,1.04,False,False,176611682,0
2575568852,165046333.83057904,2.6447876447876446,0.04606706385738157,4.217230300398476,0.7256355932203391,7.462686567164179,1.58,0.054000000000000006,False,False,2575568852,1
2682058062,161803165.60306,0.6333333333333333,0.005339821361218536,13.533777240008378,0.3877551020408163,83.33333333333333,0.8009999999999999,1.244,False,False,2682058062,1
3044724727,143186493.76522493,0.4355095541401274,0.9238189756702168,0.7452099509815271,0.3033832501386578,2.5510204081632653,0.466,1.052,False,False,3044724727,0
16552186,345271584.08847004,2.128776978417266,0.27225872134300305,84.62516739435243,0.680386295700161,58.82352941176471,0.04,0.605,False,False,16552186,0
13413,404094296.069325,2.1270783847981,6.636066942998758,22.359121838359123,0.6802126851500191,38.46153846153846,0.11800000000000001,1.213,False,False,13413,0
190719938,283690371.20350695,0.3970382229337602,4.209287734843072,13.771476216925983,0.2841999713508093,17.543859649122812,0.043,0.951,False,False,190719938,0
17867794,339773340.454957,1.80625,0.6059663177938309,57.96221673433732,0.643652561247216,47.61904761904761,0.131,0.7929999999999999,False,False,17867794,0
118926064,300670762.118979,0.3461538461538461,0.0278736779756577,11.13941367759145,0.2571428571428571,4.329004329004329,0.053,0.005,False,False,118926064,0
3306087551,134977721.34815907,1.0058823529411764,0.008321373251685278,2.9188816944372977,0.5014662756598239,4.291845493562231,0.057,0.096,False,False,3306087551,1
499066360,238322488.638216,0.22764227642276424,0.05873050453601026,0.09824670820530113,0.18543046357615892,2.3076923076923075,0.3703703703703704,0.9407407407407408,False,False,499066360,0
440775877,243876795.5624001,1.0,1.7189532076360956,10.457555808533034,1.0,4.0,0.287,0.662,False,False,440775877,0
16425880,345970972.93825096,4.533333333333333,0.003995710935688039,17.122370555223686,0.8192771084337349,2.7472527472527477,0.971,0.574,False,False,16425880,0
3230352381,137521168.522511,0.2676724137931035,10.362006193735482,30.287491334966354,0.2111526691601496,166.66666666666666,0.674,1.1059999999999999,False,False,3230352381,0
1220276724,206326694.9691341,0.9347116430903156,6.351232448113593,2.927504848998624,0.4831271091113611,5.434782608695652,0.42,1.207,False,False,1220276724,0
80533338,313270237.11365294,1.114577631819011,7.346766233541103,8.599450828208258,0.5270923209663503,20.83333333333333,0.209,1.281,False,False,80533338,0
303030329,262133906.27802992,0.5290581162324649,0.7505049720326419,0.3230104842301225,0.34600262123197906,1.75,0.3755102040816327,1.2561224489795921,False,False,303030329,0
1441694053,199194559.1621749,0.5565123789020452,0.0,9.329025892153338,0.3575380359612725,10.638297872340424,0.001,0.0,False,False,1441694053,1
359575604,254217990.69945,0.302785265049416,0.5424258118813711,5.673379747954716,0.2324137931034483,11.627906976744184,2.6060000000000003,1.444,False,False,359575604,1
486386296,239487497.49190596,1.4803240740740742,0.0010823111966784837,66.50152916871274,0.5968268782081194,8.771929824561402,0.0,0.0,False,False,486386296,1
232394899,274414525.24590707,0.4562043795620438,1.4955476559859004,14.009660736999711,0.3132832080200501,41.66666666666666,0.07200000000000001,1.499,False,False,232394899,0
31242472,328430445.41704607,1.0495049504950495,4.836004768020709,2.3244812125458845,0.5120772946859904,7.575757575757576,0.079,0.637,False,False,31242472,0
18627747,337028230.88011414,2.157303370786517,0.01384335071224233,16.287983904685714,0.6832740213523132,14.705882352941178,0.023,1.412,False,False,18627747,0
164100977,289624114.45218205,1.5948275862068966,6.028105785674318,5.043359054417284,0.6146179401993356,2.3255813953488373,0.021,0.73,False,False,164100977,0
1039489236,211563353.087204,0.3986013986013986,0.4880240291778811,2.50995454671737,0.285,11.494252873563216,0.633,1.199,False,False,1039489236,0
3263350812,132421171.48852299,163.625,2.380187370773392,14.763947320685391,0.993925588458618,12.5,0.49700000000000005,0.866,False,False,3263350812,0
2803245280,155795960.830755,2.600189933523267,270.0668937476978,407.851292557108,0.7222368768135057,200.0,0.731,1.472,False,False,2803245280,0
163268666,289802366.70718414,0.8014598540145985,3.321513246896952,9.97318563281544,0.44489465153970825,4.694835680751174,0.332,0.956,False,False,163268666,0
335658408,257484923.3244269,0.5663010967098704,1.083167108967353,3.8078625627514,0.3615531508593253,2.793296089385475,0.035,0.505,False,False,335658408,0
1855470302,189244280.57249093,0.9457364341085271,8.669937051923258,17.35585345070367,0.4860557768924303,6.493506493506493,0.7809999999999999,1.548,False,False,1855470302,0
522477612,236597356.75362703,1.0114821548177209,0.5799016602830102,130.3664944664567,0.5028541527923128,200.0,0.006999999999999999,0.042,False,False,522477612,0
483296420,239784498.17683792,1.3366336633663367,5.678338718109519,8.220421315752938,0.5720338983050848,6.451612903225807,0.073,0.777,False,False,483296420,0
33460001,327963335.42749685,4.982708933717579,0.19178729207035147,3.1568504407678866,0.8328516377649325,2.4937655860349133,0.225,0.899,False,False,33460001,0
366670590,253198730.069068,1.4094488188976375,0.021156504215241376,22.755185219247927,0.5849673202614379,3.125,0.002,0.004,False,False,366670590,1
2202282560,183350209.2966051,1.1876019575856445,0.8755441328147553,0.7761147399062981,0.5428784489187174,2.7548209366391183,0.055999999999999994,0.914,False,False,2202282560,0
977179363,214030484.00841904,0.9099185740847598,0.09002082151644394,18.340834102144008,0.4764174695357346,7.092198581560282,0.611,1.551,False,False,977179363,0
36486818,327138406.72353506,1.1385985288424312,1.152304933485147,3.3119192908328534,0.532404055032585,2.0242914979757085,0.14300000000000002,0.9079999999999999,False,False,36486818,0
340192941,256854200.681994,3.8154981549815496,2.0646857189483248,2.9039478350734584,0.7923371647509578,6.711409395973154,0.248,1.746,False,False,340192941,0
3118323638,140441590.46866012,142.28671328671328,78.4419940221224,63.94844127035244,0.9930209858467544,14.285714285714285,0.044000000000000004,0.975,False,False,3118323638,0
2856180572,154839915.15834403,0.5,0.0,0.04073368287208156,0.3333333333333333,1.5208333333333333,0.4520547945205479,0.4931506849315068,False,False,2856180572,1
19349293,335530377.80924016,0.5982905982905983,2.5150295049581675,36.29398470419104,0.37433155080213903,37.03703703703704,0.075,1.371,False,False,19349293,0
16143614,347557648.31200784,1.1337365591397848,1.7222443612078022,5.075748465233964,0.5313385826771654,4.405286343612334,0.40700000000000003,1.112,False,False,16143614,0
256278877,269752576.0310199,1.4484569927774131,0.5018999336059393,30.139939790843968,0.5915795119334942,47.61904761904761,0.02,0.978,False,False,256278877,0
2875846994,153990479.67639995,0.8313253012048193,0.1902039662552517,0.8999621294201291,0.4539473684210527,3.5087719298245608,0.799,1.4240000000000002,False,False,2875846994,0
2391400550,173270138.7032709,1.0,0.3385788251746378,0.4163671855976768,1.0,7.980392156862745,1.011056511056511,1.5393120393120394,False,False,2391400550,0
40626279,325633193.7434462,1.1699132427565886,1.0660927898938652,31.311766109548262,0.539152082076041,2.9325513196480935,0.86,0.986,False,False,40626279,0
365119419,253437867.36852196,2.346368715083799,12.452832060060144,4.381059592746191,0.7011686143572621,5.847953216374268,0.18,1.635,False,False,365119419,0
284781916,264923412.22583508,1.957692307692308,6.231077827854656,9.921913574626933,0.6618985695708712,2.4213075060532687,0.008,0.611,False,False,284781916,0
1454928205,198759405.251014,1.0217391304347827,44.911963731861995,143.68585558974095,0.5053763440860215,125.0,0.539,1.776,False,False,1454928205,0
1608447355,193847480.157655,0.3416370106761566,2.7937180280061233,4.754847466938308,0.2546419098143236,5.649717514124294,0.853,1.242,False,False,1608447355,0
3241328908,137134439.07879305,0.7922794117647058,0.0,24.59985998164693,0.4420512820512821,100.0,1.345,0.0,False,False,3241328908,1
30995734,328513801.711936,10.796812749003985,0.011309113896096666,0.6985350350705289,0.9152313407632556,1.2285012285012284,0.24600000000000002,0.048,False,False,30995734,0
3241234947,137134780.572788,0.8809582309582309,0.0,26.539052928795662,0.4683560838612762,100.0,2.862,0.0,False,False,3241234947,1
512417432,237456734.01734304,1.1054714710911278,0.041479556436923866,32.32312628135203,0.5250469960147379,25.0,1.505,1.375,False,False,512417432,0
1320983960,203336927.968858,1.6735751295336787,0.9105832464841672,17.324451761853695,0.625968992248062,40.0,0.14800000000000002,1.222,False,False,1320983960,0
2327835704,176623621.84492993,0.3372093023255814,0.8956808740956138,1.9469196498637595,0.25217391304347825,2.3094688221709005,0.418,0.45,False,False,2327835704,0
66492913,317636030.61945385,3.182758620689655,0.2875139820312524,1.2289386668090807,0.7609233305853257,1.858736059479554,0.499,0.86,False,False,66492913,0
3159083169,139347279.49845695,0.5934202358783365,0.09920538133041254,1.097459530967689,0.3724191663420335,2.7472527472527477,0.07400000000000001,0.792,False,False,3159083169,1
14086349,363408317.725162,0.31425115904051604,1.8996152986296984,97.41745544408265,0.2391104294478528,16.949152542372882,0.29100000000000004,0.243,False,False,14086349,0
125570941,298852985.9235549,2.9036531513448414,26.28401377930112,122.66335665582749,0.7438296997120527,111.11111111111113,0.632,1.011,False,False,125570941,0
387717026,250008212.16231295,1.390625,0.17763256501017627,9.10695204892639,0.5816993464052288,2.525252525252525,0.162,0.08199999999999999,False,False,387717026,0
2479491865,168816699.48146698,2.273927392739274,0.03889662586799282,6.276175302884157,0.6945564516129032,3.7593984962406015,0.578,0.988,False,False,2479491865,1
48495906,322820855.45569617,0.7558620689655172,3.7469698117629986,47.531917906418684,0.4304791830322074,50.0,0.374,1.29,False,False,48495906,0
494026634,238780652.12651896,351.0,0.0,322.96498109544825,0.9971590909090908,500.0,3.813,0.0,False,False,494026634,1
494747181,238716830.4304669,0.6409036860879905,0.4915078664056578,1.7322213907345203,0.3905797101449275,2.3696682464454977,0.733,1.358,False,False,494747181,0
111247911,302906969.6449921,0.9289866060146575,33.087671808101284,172.83880942508236,0.4815930826673654,125.0,0.152,1.073,False,False,111247911,0
12896172,366433534.812716,1.7393078221722005,302.4510779469031,279.6189493201493,0.6349442761029223,11.111111111111109,0.382,1.258,False,False,12896172,0
21443029,333007982.46084404,4.533354212339493,0.21145439061143134,19.518926699495207,0.8192777903554449,25.0,0.081,1.136,False,False,21443029,0
87670274,310755633.86282486,0.7379182156133829,0.0,2.076342726210468,0.42459893048128333,2.0,0.992,1.3840000000000001,False,False,87670274,0
2158613570,185308714.25409007,3.8194626474442983,9.095585206472817,53.256357855184774,0.7925079883064791,45.45454545454545,0.253,0.96,False,False,2158613570,0
474363360,240647292.03022692,0.6929392446633826,0.8853721070471797,3.4129550890472387,0.4093113482056256,6.097560975609755,0.45899999999999996,1.8419999999999999,False,False,474363360,0
1884511734,188553352.90976092,1.3804347826086956,0.0,17.94274537042646,0.5799086757990868,18.51851851851852,0.68,1.288,False,False,1884511734,0
2288213054,178643064.17796493,0.4297752808988764,18.138658866553897,54.697458560528105,0.3005893909626719,10.526315789473683,0.061,0.233,False,False,2288213054,0
163986899,289651466.42661315,1.1858864027538727,2.193919498629588,8.561207821912689,0.5425196850393701,9.345794392523365,0.392,1.406,False,False,163986899,0
2788002588,158428930.04575205,0.24864864864864866,2.445371561167012,3.8207567255878865,0.19913419913419916,6.896551724137932,0.17300000000000001,0.955,False,False,2788002588,0
141253101,294935758.81839705,0.5237209302325582,0.8741483265131914,2.4997009618421795,0.3437118437118437,3.355704697986577,0.08,0.815,False,False,141253101,0
552779620,233852151.13652703,0.3492822966507177,2.262598814800271,12.327542791415064,0.25886524822695034,14.285714285714285,1.156,1.107,False,False,552779620,0
2403126061,172692334.12712792,1.0,0.0,55.711211783827956,1.0,142.85714285714286,5.834,0.0,False,False,2403126061,1
64746727,318177178.7761121,1.4519972918077184,39.33111245796092,62.99967608332106,0.5921692069803401,20.40816326530612,0.531,1.002,False,False,64746727,0
944728574514352130,54103362.15129209,1.0,0.0,8.352013295151723,1.0,10.0,0.001,0.001,False,False,944728574514352130,1
2537372586,166643149.92286107,1.0,0.004147785254419132,4.317844449850317,1.0,43.47826086956522,0.469,1.04,False,False,2537372586,1
2588718286,166057772.9306209,0.1956315289648623,4.3299436534079465,39.924765236794684,0.1636219221604448,10.526315789473683,0.32799999999999996,0.741,False,False,2588718286,0
1662872534,191946652.38737893,0.73568281938326,0.03826063079849206,28.238146029560014,0.42385786802030456,22.222222222222218,0.045,0.975,False,False,1662872534,0
3020138827,144233695.97184396,0.3297340531893621,15.83889523600616,92.24849096703,0.2479699248120301,47.61904761904761,0.555,1.5330000000000001,False,False,3020138827,0
3293123606,130341012.69651508,0.4019728729963009,15.5126368759145,29.856622405267288,0.2867194371152155,14.92537313432836,0.027999999999999997,0.001,False,False,3293123606,0
2049211,393498302.1913581,5.178605539637059,0.8574166600493397,4.43024224066979,0.8381511825629927,3.125,0.122,0.7979999999999999,False,False,2049211,0
2314454575,177316556.9669571,1.319915254237288,0.0613952818970463,36.69098989561577,0.5689497716894977,2.638522427440633,1.052,2.053,False,False,2314454575,0
160150650,290551750.5348761,5.882262996941897,1.4942604861294266,3.2273052847686916,0.8546989557876028,2.386634844868735,0.183,0.743,False,False,160150650,0
256009120,269798437.628773,1.6053130929791268,0.0983133936323849,1.629376373946496,0.6161689730517116,2.1321961620469083,0.37799999999999995,0.905,False,False,256009120,0
2281776226,178461939.72577095,1.431372549019608,0.0,22.360344206343694,0.5887096774193549,58.82352941176471,0.001,0.0,False,False,2281776226,1
19819827,334762176.15310603,0.6308523409363745,16.650913385897713,118.44692986421819,0.3868237026131763,200.0,0.49200000000000005,1.242,False,False,19819827,0
318417786,259953488.06718305,7.468181818181818,0.061820289927584,19.973271521012002,0.8819108964036501,32.25806451612903,0.7020000000000001,1.51,False,False,318417786,0
242385901,272290411.6890111,7.012322858903265,2.704101093508006,5.896222309266107,0.8751922485389111,4.739336492890995,0.828,1.335,False,False,242385901,0
295268909,263306614.407212,83.55555555555556,0.0,57.08556936117856,0.988173455978975,90.9090909090909,0.125,0.0,False,False,295268909,0
386425059,250208641.05840108,1.563109954456734,6.8216349074915,31.390570552544407,0.6098489656047722,25.64102564102564,1.069,1.08,False,False,386425059,0
427253416,245276723.82758403,2.299177921315326,0.04403189928283535,64.9255638753321,0.6968941888404379,12.345679012345679,5.104,0.5529999999999999,False,False,427253416,1
791998387,221838190.11769894,6.041666666666668,0.0003894730657248846,131.4802648927352,0.8579881656804734,166.66666666666666,1.0,0.0,False,False,791998387,0
773798108,222538518.51762292,1.0644356955380578,81.65696851514252,41.72455924417727,0.5156061280274618,100.0,0.091,1.2770000000000001,False,False,773798108,0
1914334561,187806057.31867504,0.1750465549348231,0.0,37.659155945108665,0.14896988906497624,13.698630136986301,0.003,0.02,False,False,1914334561,1
3461207542,127477722.55001712,12.25,0.002711061925854539,40.32162402323456,0.9245283018867924,47.61904761904761,0.0,0.009000000000000001,False,False,3461207542,1
103921167,304948895.2735022,0.5443577004968062,0.0,174.61787999671765,0.3524816176470588,3.125,0.001,0.0,False,False,103921167,1
30823468,328579137.45468086,3.931677018633541,0.0036813049342392695,89.89720354377053,0.7972292191435768,3.125,0.115,0.0,False,False,30823468,0
59035104,319947964.4382639,0.6154838709677419,0.05211847504414297,0.26329281434217305,0.3809904153354632,2.0249480249480247,1.0595482546201231,0.9917864476386036,False,False,59035104,0
93866285,308504620.8705189,5.02810650887574,5.484147353209639,32.84887199227174,0.8341104294478527,16.666666666666668,0.179,0.733,False,False,93866285,0
798344527,221589991.198334,1.130242825607064,2.233010603611235,6.8893075528561045,0.5305699481865285,4.11522633744856,0.429,0.7559999999999999,False,False,798344527,0
247738191,271269708.7547829,1.4447852760736195,1.8826665252981196,2.996787233383523,0.5909661229611042,6.1349693251533735,0.251,1.1840000000000002,False,False,247738191,0
235939763,273604952.222316,2.8796992481203008,5.6484240780271575,24.28313941701417,0.7422480620155039,22.222222222222218,0.638,1.099,False,False,235939763,0
896997523,217292906.65704396,0.1508502468458585,19.345006998477352,25.56219291947118,0.13107721639656816,142.85714285714286,0.051,1.035,False,False,896997523,0
219877344,277437330.514045,0.8437677321732552,0.0,111.91187264695871,0.4576323348379155,100.0,0.001,0.0,False,False,219877344,1
2165299370,185022384.197582,1.011260053619303,0.2764465511663666,1.0114581584904565,0.5027992535323914,7.352941176470589,1.7719999999999998,0.871,False,False,2165299370,0
374775473,251972515.67555308,20.03076923076923,20.230434999362004,166.35014294166825,0.9524506217995612,125.0,0.06,1.556,False,False,374775473,0
2242071757,181342806.864609,0.8724324324324324,24.0514552267648,20.391399382942232,0.4659353348729792,19.607843137254907,0.171,1.4069999999999998,False,False,2242071757,0
36524173,327136951.23447484,1.556818181818182,14.876763941324905,22.418412754429088,0.6088888888888889,13.333333333333336,0.233,0.691,False,False,36524173,0
3343213966,133091151.45223092,0.4595972470048432,3.658773665165683,28.81836063591821,0.31487949703108625,7.092198581560282,0.765,0.8759999999999999,False,False,3343213966,0
421219348,245940854.14203808,1.153482880755608,0.20024326650324564,2.603865072494836,0.5356359649122807,3.2154340836012865,0.747,1.3230000000000002,False,False,421219348,0
2250803445,179831876.39558408,1.5773381294964028,0.4006942564592482,1.079087889697208,0.6120027913468249,2.314814814814815,0.8590000000000001,1.23,False,False,2250803445,0
188143601,284278264.5472219,1.081237590999338,15.465961870150885,126.45210163096621,0.5195166547420303,333.3333333333333,0.596,1.7480000000000002,False,False,188143601,0
352220090,255217569.4082749,1.4610726643598615,43.555195771876924,93.9724896511078,0.5936731107205624,166.66666666666666,0.17600000000000002,1.672,False,False,352220090,0
23164191,331782392.38123614,0.2795311091073039,4.708242618870045,1.109093214257053,0.21846370683579985,1.7953321364452424,0.369,0.981,False,False,23164191,0
69605961,316715337.17871,0.19359364040215105,6.869381253779867,7.8907451159835835,0.1621939275220372,12.987012987012987,0.19699999999999998,1.0190000000000001,False,False,69605961,0
53702434,321461934.6324351,0.3239795918367347,1.8771043628850104,12.98061745559772,0.24470134874759156,15.873015873015873,0.039,0.9209999999999999,False,False,53702434,0
257486076,269538079.72190905,8.857777777777779,20.00702834109293,12.275080402047786,0.8985572587917042,12.048192771084338,0.24,1.094,False,False,257486076,0
2344193034,175766142.955714,17.22222222222222,0.0,69.37860383653353,0.945121951219512,43.47826086956522,0.0,0.0,False,False,2344193034,1
1913284776,187837534.213192,1.91500904159132,13.041585166996699,131.0694718344047,0.6569478908188585,47.61904761904761,0.19,1.1079999999999999,False,False,1913284776,0
469587557,241095869.4366269,0.19738276990185388,1.2112691962844344,1.6868177831097138,0.16484517304189436,2.6178010471204187,0.75,0.62,False,False,469587557,0
29280582,329138456.4987259,1.0,11.4055149918786,16.568171516661135,1.0,52.631578947368425,0.41200000000000003,1.065,False,False,29280582,0
2677984652,161952602.29018092,0.7967032967032966,3.5802475032854395,10.332623102910505,0.4434250764525994,8.620689655172415,0.382,1.113,False,False,2677984652,0
2585808948,164568291.73612404,0.46533203125,14.68820496645772,155.1462321851123,0.3175608130623125,125.0,0.34,1.177,False,False,2585808948,0
369760961,252753368.93529296,0.919845404133759,1.2982901133318168,679.3185084862574,0.4791247264770241,16.129032258064516,0.237,0.037000000000000005,False,False,369760961,0
285505398,264812913.00019097,0.6643356643356644,17.277526039663712,11.740104229727493,0.39915966386554624,25.0,0.35200000000000004,1.122,False,False,285505398,0
358506497,254383390.84765908,0.9102470930232558,139.64836258226526,163.97100715187608,0.4765075137911357,125.0,0.098,1.2309999999999999,False,False,358506497,0
2280599455,179082529.79703808,1.268170426065163,0.5051347001995288,3.7723478709265663,0.5591160220994476,4.807692307692308,0.36,1.41,False,False,2280599455,0
190843347,283678743.99749714,0.2489006156552331,0.7955365171878763,5.549872287977596,0.19929577464788734,15.384615384615385,0.384,1.016,False,False,190843347,0
190843347,283678842.4093871,0.2489006156552331,0.7955362412058835,5.549870362654522,0.19929577464788734,15.384615384615385,0.384,1.016,False,False,190843347,0
18969508,336268026.5592599,0.9509545753785386,0.15621824214899754,10.842779307052133,0.4874304032394128,2.0876826722338206,2.316,0.08900000000000001,False,False,18969508,1
200739875,281506686.1027131,2.694117647058824,1.0134494634912699,5.639039065028802,0.7292993630573248,1.718213058419244,0.20800000000000002,1.1740000000000002,False,False,200739875,0
138352046,295655372.1555631,1.3686067019400352,0.9404030035811696,3.4159014011374422,0.5778108711839166,5.780346820809249,0.49200000000000005,1.092,False,False,138352046,0
1351104738,202268453.14630795,0.9251040221914008,10.779258782499854,18.33648669531885,0.4805475504322767,21.73913043478261,0.12300000000000001,2.084,False,False,1351104738,0
82915391,312477753.94385505,3.446162657502864,0.6071933045002968,15.363428402210607,0.7750869509210356,8.849557522123892,0.225,1.036,False,False,82915391,0
3255357306,132968405.04010606,0.4962121212121212,2.2787729153298293,44.539061728338496,0.3316455696202532,21.27659574468085,0.741,1.014,False,False,3255357306,0
262427643,268637730.70488906,6.532637075718017,1.5794892209915388,4.393366475003956,0.8672443674176776,8.928571428571429,0.43,1.413,False,False,262427643,0
2170473952,184462938.26262903,3.5679012345679015,0.13957925772245064,1.5845524458894311,0.7810810810810811,1.8796992481203008,2.36,0.442,False,False,2170473952,1
180918327,285850909.76348084,5.909090909090909,0.013903751446124494,0.2810975835846909,0.8552631578947368,2.5938375350140057,0.15334773218142547,1.3196544276457884,False,False,180918327,0
2489932688,168369851.19658804,1.4173228346456692,1.6349150280984406,12.026837260999105,0.5863192182410424,22.222222222222218,0.069,1.558,False,False,2489932688,0
2737015671,160703113.25141406,1.0,0.0005376373752313709,439.24758501452914,1.0,500.0,1.273,0.0,False,False,2737015671,1
87021541,310990971.977854,0.11374407582938388,0.9882113234524535,1.5599681139121526,0.10212765957446808,7.1942446043165456,0.315,1.149,False,False,87021541,0
29189189,329168232.38355213,2.4927536231884058,0.7701156280008836,23.3189647263894,0.7136929460580913,2.7247956403269757,0.023,0.8759999999999999,False,False,29189189,0
860309917084856321,74239965.82692601,1.0,0.0931034911319032,0.16409490311997935,1.0,8.8125,0.5744680851063829,0.2624113475177305,False,False,860309917084856321,1
230680529,274828848.6203251,0.8965517241379308,0.1672488176941722,0.96419572155644,0.4727272727272727,1.98019801980198,0.764,0.47100000000000003,False,False,230680529,0
17749000,340164922.388675,0.23953488372093024,0.2364688264596856,0.30784126495074,0.19324577861163228,1.937984496124031,0.644,0.7,False,False,17749000,0
20715095,333714386.192075,6.2348993288590595,0.15715474720294048,1.7553693344908343,0.8617810760667903,1.9762845849802368,0.38299999999999995,2.072,False,False,20715095,0
392828316,249319452.4638081,3.1622247972190034,9.597864813004774,37.445742431009215,0.7597438752783965,7.462686567164179,0.409,1.176,False,False,392828316,0
485716927,239561805.16203904,1.457142857142857,0.0,28.42205332103971,0.5930232558139535,3.125,0.002,0.0,False,False,485716927,1
377054035,251629325.31589702,1.0,0.0,43.58159124034016,1.0,3.095975232198142,0.10099999999999999,0.0,False,False,377054035,0
355511046,254774310.2706399,0.5126865671641792,1.7715820701095777,2.5190106463962367,0.3389245189935865,5.649717514124294,0.6,2.855,False,False,355511046,0
22636196,332091140.197315,0.580568720379147,4.697100919564405,5.176073047232405,0.3673163418290855,3.787878787878788,0.09300000000000001,1.004,False,False,22636196,0
489315806,239224482.94531396,1.1127797408716136,62.0358577737735,123.41583619076785,0.5266898954703833,250.0,0.406,1.482,False,False,489315806,0
150248433,292878421.88244104,1.0,0.0,314.62655189048775,1.0,333.3333333333333,0.193,0.0,False,False,150248433,0
929938435,215971746.69403195,0.6372093023255814,0.0004000523277815743,31.486518510376587,0.3892045454545455,47.61904761904761,0.012,0.0,False,False,929938435,0
285534991,264810220.47024107,0.8590308370044053,0.050572066199782384,34.565517840459,0.462085308056872,5.376344086021504,0.547,0.415,False,False,285534991,0
456200786,242378028.46828508,0.3425531914893617,3.5817900058280085,4.330372710071521,0.2551505546751189,5.235602094240837,0.08900000000000001,0.972,False,False,456200786,0
2196985237,183617245.381748,1.843920145190563,1.5923210229634732,13.044421808094974,0.6483726866624122,11.627906976744184,2.3169999999999997,0.594,False,False,2196985237,1
110306332,303194576.932168,0.9456521739130436,0.2576088292551292,0.33568938148511307,0.4860335195530726,4.166666666666667,0.728,0.5870000000000001,False,False,110306332,0
4894225041,113098775.29924013,0.7821011673151751,28.73155780336582,11.584295201548507,0.4388646288209607,17.24137931034483,0.08800000000000001,1.709,False,False,4894225041,0
3505467869,127137067.63607907,0.15926892950391644,0.006795815068451471,0.07407438424612102,0.1373873873873874,9.727272727272727,0.8224299065420559,0.7383177570093458,False,False,3505467869,1
2756408664,159450522.92834496,1.181818181818182,0.0,25.35367037847043,0.5416666666666666,111.11111111111113,0.005,0.0,False,False,2756408664,1
1539595405,196253802.5915401,0.8198051948051948,12.71695308342313,24.773096550484773,0.4504906333630687,41.66666666666666,0.187,1.46,False,False,1539595405,0
82933448,312476349.72984004,0.13829340058848255,14.91722494848022,4.606505424312892,0.12149187592319055,5.2631578947368425,0.07,0.9440000000000001,False,False,82933448,0
107767585,303920926.154346,0.9323044545773412,18.314458535090264,17.04910835053371,0.4824832092938827,40.0,0.252,1.4369999999999998,False,False,107767585,0
2790687473,156226335.8159039,0.511001100110011,0.7930647502736038,0.1277531083076726,0.3381871132144157,1.5972222222222223,0.6173913043478261,1.3565217391304347,False,False,2790687473,0
65110417,318091438.98543096,5.883663366336633,1.3458771520713833,3.1575826221654557,0.8547285149226896,3.2154340836012865,1.067,1.037,False,False,65110417,0
20681749,333739023.29532695,0.6007077558242406,36.71091704837368,79.24260261467093,0.3752763448784083,166.66666666666666,0.19399999999999998,1.444,False,False,20681749,0
259796910,269105355.41962504,1.15,36.51362784912983,84.66967282932919,0.5348837209302325,166.66666666666666,0.7290000000000001,1.47,False,False,259796910,0
21856244,332627549.15492386,0.4036511156186613,1.1109506742265869,1.243942665155746,0.2875722543352601,6.451612903225807,0.145,1.435,False,False,21856244,0
113052418,302374746.382854,6.204236006051437,4.581239725112672,10.619744004461896,0.8611927761444771,6.896551724137932,0.526,1.247,False,False,113052418,0
35890867,327320322.96152306,0.5450236966824644,18.550958110577763,4.18220777620618,0.35276073619631904,15.151515151515152,0.006,1.6280000000000001,False,False,35890867,0
712263542,225150254.2453289,0.26034063260340634,0.0,20.780107114167585,0.20656370656370654,71.42857142857143,0.08199999999999999,0.012,False,False,712263542,0
2576746824,165013387.81917095,0.5406737880032868,1.5608333566379715,11.97825719550717,0.3509333333333333,4.25531914893617,0.031,0.7559999999999999,False,False,2576746824,0
269929774,267458074.33483788,11.942046855733665,0.5171890971847254,10.009434213784333,0.9227324695121952,2.6666666666666665,0.409,1.149,False,False,269929774,0
2882058447,151911499.34028602,0.8258426966292135,3.345400461499014,1.3888928811595702,0.4523076923076923,2.469135802469136,0.127,1.196,False,False,2882058447,0
244282220,271932081.3945391,0.9499198717948718,107.87764301130049,40.798610973389906,0.4871584138072735,37.03703703703704,0.11599999999999999,1.168,False,False,244282220,0
19103864,336014327.606899,0.15820642978003385,4.176336199692418,2.226762189960371,0.13659605551497445,4.545454545454546,0.302,1.2229999999999999,False,False,19103864,0
9176222,377016744.0626249,3.0216216216216214,0.08639616280434867,0.1569797653076362,0.7513440860215054,1.5804195804195804,1.2300884955752212,0.8997050147492626,False,False,9176222,0
138846356,295537373.0671329,0.3924302788844621,1.8037921717565857,2.3750417509482173,0.2818311874105865,2.9411764705882355,0.294,0.588,False,False,138846356,0
511939693,237495282.30467394,51.0,0.0,50.75145865229169,0.9807692307692308,3.134796238244514,0.003,0.0,False,False,511939693,1
1589044687,194543371.483917,1.1514907332796132,1.9412349910427091,7.086773450484673,0.5352059925093633,9.70873786407767,1.1520000000000001,0.355,False,False,1589044687,0
42371615,324956120.8792469,45.8867102396514,40.774076094180096,42.202660355784154,0.9786719947957808,37.03703703703704,0.073,1.465,False,False,42371615,0
901493434967621633,64426918.64506793,0.12359550561797752,0.4961901123366427,1.6146294466305888,0.11,2.6666666666666665,0.044000000000000004,1.321,False,False,901493434967621633,0
27568809,329813379.01907986,66.37579617834396,6.1344655150661875,3.8888901469512565,0.9851578748345624,3.2894736842105265,0.039,1.03,False,False,27568809,0
232550149,274388678.81028795,1.5243843553838723,0.5267972447942715,12.823246262404012,0.6038638102524866,18.181818181818183,0.015,0.863,False,False,232550149,0
232686753,274353912.55268186,1.7945945945945947,1.284565606230699,1.8659110607788405,0.6421663442940039,2.0161290322580645,0.034,0.387,False,False,232686753,0
108459313,303724466.47235703,1.4130240856378231,3.935619721003913,14.109061577329388,0.5855822550831793,21.73913043478261,0.312,1.27,False,False,108459313,0
124528185,299170500.19075114,8.733858267716535,0.8626412023760707,23.656065004696583,0.8972658145931078,9.70873786407767,1.031,1.052,False,False,124528185,0
22012041,332534700.645375,1.124413145539906,0.7851836199147401,4.148066344122708,0.5292817679558011,2.9069767441860463,0.271,0.789,False,False,22012041,0
371052421,252570826.538877,0.06,0.22269555344446032,0.4245240888242323,0.05660377358490566,2.2573363431151243,0.302,1.341,False,False,371052421,0
94642605,308231920.6926752,0.4730290456431535,6.3638418616473125,7.830695777957947,0.3211267605633803,3.663003663003663,0.33399999999999996,1.084,False,False,94642605,0
2170324046,184791501.51132396,0.7953340402969247,0.0,54.10207243425289,0.44300059066745423,8.928571428571429,2.8310000000000004,0.488,False,False,2170324046,1
277938968,266117673.94282603,1.6,9.518628216118476,16.053878484289864,0.6153846153846154,14.084507042253524,0.046,1.102,False,False,277938968,0
83889685,312136297.49307394,0.7472620050547599,10.992644006985877,5.838311066787855,0.4276759884281581,47.61904761904761,0.33399999999999996,1.1,False,False,83889685,0
592791860,229979939.68162397,4.061022120518688,33.0550151918638,27.984395547322787,0.8024114544084401,11.494252873563216,0.025,1.032,False,False,592791860,0
31480713,328375967.82467014,0.8554578168732507,7.589758825867281,59.52143248934675,0.4610494558775994,166.66666666666666,0.24,1.53,False,False,31480713,0
2840919860,155704972.29284498,1.0375586854460097,29.736853819232635,16.325027791786233,0.5092165898617511,27.02702702702703,0.503,1.077,False,False,2840919860,0
2524463646,167105230.99175,1.0,0.009306710452868948,60.58771912711607,1.0,125.0,0.29100000000000004,0.0,False,False,2524463646,1
171151250,288031114.466099,1.9288256227758007,10.650649342819758,78.14515748314822,0.6585662211421628,41.66666666666666,0.106,1.0959999999999999,False,False,171151250,0
251792726,270561718.2684579,0.4824156305506216,0.19447540596926408,0.7657668694816014,0.32542535346273666,2.6041666666666665,1.112,1.6869999999999998,False,False,251792726,0
822001694,220635817.634552,0.39559706470980655,0.14332396407358236,0.5200388641795557,0.2834608030592734,2.4509803921568634,1.248,0.852,False,False,822001694,0
713349812,225110339.27578208,1.1010752688172043,5.199114371047068,15.65529869191192,0.5240532241555783,3.08641975308642,0.121,0.706,False,False,713349812,0
798277891,221605340.102438,0.2864864864864865,0.4160044155857677,0.1282712771581233,0.2226890756302521,1.2766798418972332,0.6718266253869969,1.1578947368421053,False,False,798277891,0
931850324,215906372.97416303,27.0,0.00040017345856826217,33.88908951231185,0.9642857142857144,76.92307692307692,0.03,0.976,False,False,931850324,0
832861190,220155086.26140404,1.5522066738428415,13.064288674143743,59.04655041476077,0.6081822016026993,52.631578947368425,0.183,2.608,False,False,832861190,0
220066548,277401077.321852,1.6758620689655173,7.184814202028327,7.4380331176798355,0.6262886597938144,5.494505494505495,0.09699999999999999,0.922,False,False,220066548,0
1705574928,190561072.42157507,0.06624605678233439,0.04806018293043096,0.17365141568259487,0.0621301775147929,1.5941422594142258,0.14698162729658792,0.9002624671916011,False,False,1705574928,0
233164948,274219060.063087,0.8010425716768028,2.3183333786270848,36.76817504107996,0.4447660395561988,58.82352941176471,0.613,1.091,False,False,233164948,0
2496302240,168040222.69303608,6.342857142857143,0.0010283252261314765,14.373930010865779,0.8638132295719845,23.809523809523807,0.41100000000000003,1.518,False,False,2496302240,1
2951889245,148220848.60849905,1.0058679706601468,17.56786055703833,41.13973477581582,0.5014627011214042,15.625,0.292,0.863,False,False,2951889245,0
163357374,289803137.43597513,5.580952380952381,0.07542775483177526,10.838938555984273,0.8480463096960926,3.690036900369004,0.41600000000000004,0.696,False,False,163357374,0
1118782536895868928,12625467.356317045,0.5263157894736842,0.5816814374261949,0.8759438116535643,0.3448275862068966,3.023809523809524,0.3700787401574803,1.1338582677165354,False,False,1118782536895868928,0
489315806,239233543.442488,1.1124852767962308,62.032785981651585,123.41116206012987,0.5266239197100642,250.0,0.406,1.482,False,False,489315806,0
321341147,259540472.73358107,3.598074608904933,4.110267615544698,8.915955094122754,0.7825176655325831,8.928571428571429,0.096,1.1320000000000001,False,False,321341147,0
11418222,369918982.68431306,13.345794392523365,0.7700626713798538,0.44914483380753983,0.9302931596091204,2.004008016032064,0.107,1.32,False,False,11418222,0
32617991,328193210.0848601,2.0168539325842696,1.2573276573677532,2.7584336670643457,0.6685288640595903,7.142857142857142,0.114,1.053,False,False,32617991,0
26297254,330274697.40887684,0.1471264367816092,0.034269655195499064,0.9718455652769392,0.1282565130260521,2.6881720430107525,0.43700000000000006,0.904,False,False,26297254,0
272351801,267061762.48340103,0.6041666666666666,4.045302442228688,16.19382707499656,0.37662337662337664,66.66666666666667,0.145,1.374,False,False,272351801,0
2784414765,156518659.71050906,0.12582781456953646,8.912767350424321,21.46163023765312,0.11176470588235296,3.2679738562091503,0.187,1.12,False,False,2784414765,0
2603476530,163719300.710248,1.9214711729622267,0.11399022545929935,578.5879978051398,0.6577067029601905,50.0,0.001,0.0,False,False,2603476530,1
214966747,278613124.90226287,1.1612903225806452,1.7173749448015099,3.674152825209153,0.5373134328358209,45.45454545454545,0.325,1.202,False,False,214966747,0
2737995358,160623282.74948502,0.6626506024096386,4.66847387977696,4.880946190240366,0.3985507246376812,20.0,0.45899999999999996,1.0859999999999999,False,False,2737995358,0
4883925141,113371591.60681508,0.5048543689320388,0.24691899975334936,1.676610492152372,0.335483870967742,5.154639175257731,0.001,0.006,False,False,4883925141,1
301091461,262446320.1561921,0.9763639594810734,0.8009683651685232,59.00960772009746,0.494020321913497,7.8125,0.321,1.092,False,False,301091461,0
419038123,246198677.40811896,3.6279069767441863,1.7216924333730057,1.2802148383499237,0.7839195979899497,2.481389578163772,0.486,1.984,False,False,419038123,0
337367370,257258328.13449788,1.5088495575221241,0.15348307783201035,0.7694304842738199,0.6014109347442681,3.2679738562091503,0.431,1.359,False,False,337367370,0
490419761,239139264.41000104,0.9962956102982032,12.634873689415087,56.26711628973828,0.4990721840786788,55.555555555555564,0.159,1.671,False,False,490419761,0
40181190,325837255.956352,0.5159817351598174,0.4876348456030586,1.311496436298384,0.3403614457831325,6.172839506172839,0.161,0.838,False,False,40181190,0
2775559109,157076510.79963493,0.4823529411764706,0.3184791904615968,0.1072598309844756,0.3253968253968254,2.225806451612903,0.15942028985507245,0.9710144927536232,False,False,2775559109,0
2737015671,160716167.69271898,1.0,0.0005375937047303937,439.2119063899127,1.0,500.0,1.273,0.0,False,False,2737015671,1
2737015671,160716349.8237059,1.0,0.000537593095505059,439.21140865525115,1.0,500.0,1.273,0.0,False,False,2737015671,1
29224245,329169673.04008293,1.0,0.0,0.023885553998294968,1.0,1.1097560975609757,0.04395604395604396,0.0,False,False,29224245,0
348564110,255725237.456393,1.238390092879257,2.0863017092357863,14.207799105551945,0.5532503457814661,2.8901734104046244,0.8809999999999999,0.7609999999999999,False,False,348564110,0
2234315188,180675862.73267105,1.0,0.0014346133239917815,10.029381748026543,1.0,8.928571428571429,0.006999999999999999,1.013,False,False,2234315188,0
819467034,220749220.80293396,0.9097437571405256,125.26302516231796,14.809579794251986,0.4763695410648662,18.867924528301888,0.551,1.7790000000000001,False,False,819467034,0
842450550121746433,78508101.86469197,0.3333333333333333,0.0033015700780376646,0.1397664666369278,0.25,1.0588235294117647,0.015873015873015872,0.1349206349206349,False,False,842450550121746433,1
76067370,314652183.08475494,0.4808510638297872,0.10846261947214032,4.32202944428225,0.3247126436781609,4.854368932038835,0.425,0.898,False,False,76067370,0
311355617,260936557.7383399,0.5330261136712751,6.1782741903746885,5.740871317472338,0.34769539078156314,3.92156862745098,0.517,1.03,False,False,311355617,0
19417982,335449344.1745801,3.0872223050544214,15.035097511996241,54.09559778586415,0.7553350600080254,52.631578947368425,0.35200000000000004,1.09,False,False,19417982,0
3295667921,135791035.43318892,1.0,1.7968314272119108,3.356333490985421,1.0,16.666666666666668,3.0239999999999996,1.209,False,False,3295667921,0
1209311300,206645592.96828604,27.347222222222218,24.993609231205074,32.40748522049425,0.9647231749142576,83.33333333333333,1.217,1.2109999999999999,False,False,1209311300,0
1284129332,204390759.8650751,0.295668549905838,6.367849509729214,3.832376769463957,0.22819767441860464,4.504504504504505,0.09699999999999999,0.4,False,False,1284129332,0
490761333,239116280.59433103,1.0790989159891602,42.289757831904566,54.28050974922915,0.5190224032586558,142.85714285714286,0.146,1.111,False,False,490761333,0
15797140,349836754.2854781,20.562381852551987,0.0009878893391458213,27.0390251570907,0.9536229342918512,17.24137931034483,0.028999999999999998,1.16,False,False,15797140,0
401083691,248266415.0430601,0.3762817654926438,8.631772443438695,16.94093661146443,0.27340459993521216,66.66666666666667,0.14300000000000002,1.193,False,False,401083691,0
1082259558,210221401.24588203,1.160857908847185,0.015617819977138571,3.6373080736230623,0.5372208436724566,2.898550724637681,0.19899999999999998,0.292,False,False,1082259558,0
228371144,275431256.25384307,0.5037919826652221,0.2038984273747123,2.3548699912337927,0.33501440922190195,4.504504504504505,0.10099999999999999,1.2429999999999999,False,False,228371144,0
39529894,326060172.45990986,0.898989898989899,5.146740821914807,0.7997149668196922,0.4734042553191489,3.4129692832764507,0.20800000000000002,1.716,False,False,39529894,0
306756011,261621567.5865929,1.6015906078394244,0.943518541980672,5.7892474766962465,0.6156197685421064,7.092198581560282,0.599,0.888,False,False,306756011,0
621281857,227289970.0939591,0.31016042780748665,0.4618593594631744,0.5838814618398649,0.23673469387755106,5.291005291005291,1.327,1.247,False,False,621281857,0
3067390639,142421798.24040294,1.2581658291457287,4.287186424716726,195.05272607995548,0.5571627260083449,166.66666666666666,0.121,1.6219999999999999,False,False,3067390639,0
494582291,238758014.1881061,0.379800853485064,20.1874287503607,17.488944252611446,0.2752577319587629,37.03703703703704,0.282,1.645,False,False,494582291,0
964719528,214592904.22389105,2.3781094527363185,0.11233176645416908,2.168526502229945,0.7039764359351989,12.048192771084338,0.321,1.295,False,False,964719528,0
64746727,318199570.12885904,1.4518618821936358,39.32834477096304,62.995785921025664,0.5921466836030265,20.0,0.531,1.002,False,False,64746727,0
2320216189,177059318.9331479,0.9540481400437636,5.8054035573699645,5.450159900165179,0.4882418812989922,28.4375,0.1824175824175824,1.3747252747252747,False,False,2320216189,0
2837748081,154438194.68772006,1.746390458254865,18.943997667907414,32.66275943072194,0.6358857142857143,20.40816326530612,0.775,1.063,False,False,2837748081,0
2507997720,167684313.889477,0.15590438815554766,0.0010305078393551754,298.12540267153264,0.13487654320987655,250.0,0.0,0.0,False,False,2507997720,1
3062850630,142641757.96283007,0.4763851044504995,0.0,230.93483192056445,0.3226699477083974,125.0,0.0,0.0,False,False,3062850630,1
2160933336,185234024.87392712,0.4294276296074318,0.014459546521342159,251.807405425359,0.30041928721174005,166.66666666666666,0.0,0.0,False,False,2160933336,1
3291753905,136057834.13649607,0.33714285714285713,0.005080192584181325,0.1123992609250118,0.2521367521367521,3.6041666666666665,0.4046242774566474,1.2080924855491328,False,False,3291753905,1
91374834,309467366.14410585,1.3458556946929041,0.3769056539088702,1.0162493186876205,0.5737163192679207,2.409638554216868,0.385,0.956,False,False,91374834,0
236609670,273448853.24896306,1.1363636363636365,0.25466700325342856,1.2853416491748726,0.5319148936170213,5.181347150259066,0.106,0.36200000000000004,False,False,236609670,0
486990466,239415227.0966361,0.6082004555808656,38.18608244290931,17.666485341355422,0.3781869688385269,11.627906976744184,0.024,0.5760000000000001,False,False,486990466,0
457074426,242257415.339412,1.643598615916955,2.7436732909445287,4.7729857861316285,0.6217277486910995,3.7735849056603774,0.044000000000000004,0.823,False,False,457074426,0
32530423,328161496.8469689,0.6499470151889791,7.0615670097355725,5.485806279215928,0.39391993149218585,4.950495049504951,0.555,1.446,False,False,32530423,0
200550985,281517589.64915985,1.1147295446764809,11.602043069743747,0.2366260668934325,0.5271262925713823,20.61290322580645,0.07042253521126761,0.974960876369327,False,False,200550985,0
274365335,266693463.78928712,0.943248532289628,0.8484707378459929,0.7483647974128459,0.4853977844914401,1.8050541516245489,1.035,0.9940000000000001,False,False,274365335,0
157968892,291037984.69432807,0.3872262773722628,0.6278768051253664,9.300889032897274,0.2791370691923178,8.928571428571429,0.85,1.6469999999999998,False,False,157968892,0
2816838925,157120821.712039,10.636363636363637,2.117096870901308,28.80846440770094,0.9140625,11.363636363636365,0.5479999999999999,1.218,False,False,2816838925,0
2831100747,154809035.72034192,10.677551020408163,122.02841205035492,331.53729923566664,0.9143656064313176,500.0,0.10099999999999999,1.1640000000000001,False,False,2831100747,0
1072583418,210457506.61350992,0.3387932821895086,22.02228504261145,3.753103477798667,0.2530586959888493,2.314814814814815,0.298,1.245,False,False,1072583418,0
302297265,262225364.61150095,1.177281800036291,0.3324529651399576,2.128160259503455,0.5407117259771648,3.5087719298245608,1.0979999999999999,1.8019999999999998,False,False,302297265,0
21309551,333096769.93124014,16.795400475812848,2.196464409279708,13.250895230569574,0.9438057040998218,4.672897196261682,0.049,0.547,False,False,21309551,0
2934815153,149011508.05938506,1.28,5.966937799499707,12.15594703784971,0.5614035087719298,17.543859649122812,0.218,1.205,False,False,2934815153,0
2739320601,160455870.6661749,0.2927927927927928,0.8825454588359427,0.408695548051544,0.2264808362369338,2.0,0.604221635883905,1.2664907651715043,False,False,2739320601,0
1479490598,197900416.23286292,0.41596638655462187,1.9995511254224885,0.5020706974314109,0.2937685459940653,1.9011406844106464,0.263,1.196,False,False,1479490598,0
41508279,325287403.1837969,4.914893617021278,0.006374670459736049,79.09584861932828,0.8309352517985612,17.543859649122812,0.11900000000000001,0.0,False,False,41508279,0
2986071513,146465934.22964308,1.818181818181818,0.06842819835693628,0.058989826169772636,0.6451612903225806,1.3108108108108107,0.030927835051546393,0.4432989690721649,False,False,2986071513,1
214441761,278678042.1351509,1.8176047397376216,4.922738761508477,5.277108984735848,0.6450886151997597,8.620689655172415,1.8119999999999998,1.158,False,False,214441761,0
406443172,247552301.18135306,0.8766411378555798,14.944565582081811,22.645280101408588,0.4671330709809066,11.363636363636365,0.038,1.161,False,False,406443172,0
384233189,250524842.0848739,201.20320855614972,0.09277163816004366,2.1337476776810043,0.9950544800592404,1.5015015015015014,0.996,0.244,False,False,384233189,0
584377441,230764014.51588103,3.406574394463668,13.09418717792349,13.65168137939114,0.7730663525716529,10.638297872340424,0.023,0.706,False,False,584377441,0
128195806,298124573.76787585,39.175438596491226,0.05564385313944727,2.7239404982170043,0.9751091703056768,3.058103975535168,0.324,0.9740000000000001,False,False,128195806,0
84818372,311779242.66393083,4.610542476970316,1.5995317575953996,12.151952027428253,0.8217641156617714,6.802721088435375,1.168,3.315,False,False,84818372,0
3026492440,144668588.667212,0.1111111111111111,0.03284748986479193,0.047180939987610235,0.1,1.1451612903225807,0.2676056338028169,0.9295774647887324,False,False,3026492440,1
16218068,347128041.1237371,142.66666666666666,0.0,22.44351788688516,0.9930394431554525,62.5,0.001,0.001,False,False,16218068,1
2209905223,182980531.71302795,0.3964646464646465,4.11411636501656,9.152763872315047,0.28390596745027125,5.1020408163265305,0.593,1.5019999999999998,False,False,2209905223,0
3246640488,133710486.2414701,0.23462414578587695,1.040337253345932,1.037752564517743,0.1900369003690037,26.315789473684212,0.37799999999999995,1.3330000000000002,False,False,3246640488,0
63939305,318438280.05102706,2.0022805017103757,8.442251351091384,24.03850692439799,0.6669198632738321,15.625,0.027000000000000003,0.847,False,False,63939305,0
57195876,320455094.54122806,2.0398886827458256,3.887061935411809,66.70367600365903,0.6710405859017394,37.03703703703704,0.008,0.365,False,False,57195876,0
502503323,238012040.1117661,0.7537993920972644,1.4912321235233763,2.7820844680338745,0.4298093587521664,2.2675736961451247,0.051,0.38,False,False,502503323,0
2203193244,183286821.4995699,0.8341708542713567,3.6580044026873657,3.736726920116334,0.4547945205479452,3.7735849056603774,0.493,1.262,False,False,2203193244,0
15108836,354787314.91343397,3.5913705583756346,6.9772686224815965,6.878396992844671,0.7822001105583195,2.347417840375587,0.049,0.804,False,False,15108836,0
1359612846,201950828.27016,1.8,0.0,0.16514118949482826,0.6428571428571429,2.1092896174863394,0.13989637305699482,0.10621761658031087,False,False,1359612846,0
2374491168,174095396.458071,0.9449541284403671,0.7047170832546861,0.6268011803877948,0.4858490566037736,1.7361111111111112,0.087,0.914,False,False,2374491168,0
1269346998,204816110.81485105,0.737512742099898,0.2826340162875634,3.2190748929707413,0.4244646523907305,3.1746031746031744,2.68,1.4909999999999999,False,False,1269346998,1
1613840354,193628301.2586181,1.78665517665887,35.290758404543205,63.01325126900553,0.6411468457324616,12.658227848101266,0.423,1.124,False,False,1613840354,0
513111162,237381714.10264707,0.9264339152119699,5.0282558810905895,10.955519509288942,0.4809061488673139,10.752688172043008,0.183,1.2590000000000001,False,False,513111162,0
329708172,258287328.58798912,2.911392405063291,2.162949313286517,2.559679577059763,0.7443365695792881,2.1052631578947367,0.152,1.002,False,False,329708172,0
2809283671,157469721.92757893,0.6391304347826087,0.2458072544117505,1.0232824318703453,0.38992042440318303,3.0487804878048776,0.359,0.679,False,False,2809283671,0
3338645583,133281043.62998104,0.24279835390946505,8.863580054787779,1.5940571458146091,0.19536423841059605,2.8901734104046244,0.628,1.409,False,False,3338645583,0
596303533,229619848.53239608,1.0525514089870525,35.980457494441616,55.02256046570593,0.5128014842300557,40.0,1.797,1.0759999999999998,False,False,596303533,0
1217525227,206383939.71179008,1.0,0.0,70.51441706327998,1.0,111.11111111111113,0.0,0.0,False,False,1217525227,1
149099047,293114666.68532896,2.9239553594601615,8.405524117443688,8.263447296549877,0.7451551028507176,5.291005291005291,0.18899999999999997,1.2830000000000001,False,False,149099047,0
76875072,314389053.40127796,1.4817518248175183,0.3927159634353163,0.17396025532159218,0.5970588235294118,1.4452054794520548,0.16429699842022116,0.8657187993680885,False,False,76875072,0
274737299,266636311.91946796,0.9298578199052132,1.6655495900128192,9.412623441768943,0.4818271119842829,3.3783783783783785,0.05,0.45399999999999996,False,False,274737299,0
101815939,305533673.625942,10.236486486486486,0.010463003838698873,118.98047232759556,0.9110042092603728,83.33333333333333,0.955,0.016,False,False,101815939,0
15084853,354971201.84592104,3171.62091503268,0.008762400960487216,122.17805099250013,0.999684803187402,166.66666666666666,0.021,1.121,False,False,15084853,0
561036687,232992484.8434401,0.2094953519256308,0.27552476657406416,2.566867340815171,0.1732088937688718,3.484320557491289,0.268,0.807,False,False,561036687,0
2560992629,167280550.69825912,1.0,19.37020882866881,13.081850764272824,1.0,26.315789473684212,0.021,0.878,False,False,2560992629,0
1209311300,206606641.92400503,27.347222222222218,24.98577563590039,32.40104934507535,0.9647231749142576,90.9090909090909,1.209,1.21,False,False,1209311300,0
585094831,230703102.71386504,2.03125,0.4999672680737984,3.6424581642589984,0.6701030927835051,5.3475935828877015,0.1,0.606,False,False,585094831,0
2864522800,152852936.01696992,0.8457943925233645,11.120712786382343,10.65890418891999,0.4582278481012658,8.264462809917353,0.019,0.7559999999999999,False,False,2864522800,0
112337572,302559593.595315,3.6852173913043482,0.6804980055446114,11.1244147310096,0.7865627319970304,13.698630136986301,0.191,0.09699999999999999,False,False,112337572,0
3418560687,128757395.67416812,1.0,0.0,163.83585804564538,1.0,500.0,1.369,0.0,False,False,3418560687,1
1355529368,202098804.59880304,1.065820019117848,24.747910854439674,10.364641216746742,0.5159307244843998,6.329113924050633,0.809,2.123,False,False,1355529368,0
2277227090,179257242.28333402,0.9705882352941176,0.006747844519933572,1.5385085505448544,0.4925373134328358,6.097560975609755,0.8290000000000001,0.978,False,False,2277227090,0
2815056552,157199041.810148,0.6144578313253012,0.010992433415000936,19.192788742591635,0.3805970149253731,22.72727272727273,0.0,0.0,False,False,2815056552,1
26713320,330104526.546206,17.924012158054712,2.7505760357179074,6.4405199839100336,0.947157083199486,3.2154340836012865,0.87,0.69,False,False,26713320,0
2367440061,174721301.46570992,0.5298346513299784,8.387245216849529,6.2964915598222415,0.34633458646616544,5.6818181818181825,0.813,0.9490000000000001,False,False,2367440061,0
3227163079,135520204.73526308,0.7012987012987013,1.191568447785717,193.32735846422963,0.4122137404580153,250.0,0.659,2.7510000000000003,False,False,3227163079,0
462069653,241783119.095248,1.0048309178743962,0.2165510983393921,0.8204642273716902,0.5012048192771085,2.202643171806167,0.266,0.665,False,False,462069653,0
154666607,291872670.14723897,0.9290822407628128,0.4910963398104094,37.56368965435908,0.4816187828236021,1.3123359580052494,0.022000000000000002,0.078,False,False,154666607,0
65672980,317899039.43530697,169.25242718446603,0.4536081652091474,0.8014921984432448,0.9941263686131386,2.150537634408602,0.563,0.462,False,False,65672980,0
2412239788,173289970.8217709,0.5370716510903427,40.65023709447706,18.11363915127193,0.34941224158897444,19.607843137254907,0.04,1.088,False,False,2412239788,0
857832920,218992784.59578705,1.0024096385542172,0.5298585531672912,5.133275975621465,0.5006016847172082,14.705882352941178,0.9359999999999999,1.359,False,False,857832920,0
263969619,268352080.74394608,0.8,0.04765083231160478,0.19961835157564164,0.4444444444444444,2.3436123348017617,0.5639097744360902,0.5263157894736842,False,False,263969619,0
2265771628,179123605.13049793,2.0438413361169103,9.316561034958001,8.690472698257224,0.6714677640603567,6.369426751592357,0.004,0.938,False,False,2265771628,1
14290667,360966068.0038109,1.0087796312554873,1.247532219552686,3.857727701943715,0.5021853146853147,2.481389578163772,0.043,0.981,False,False,14290667,0
455949997,242376615.00571612,5.803636363636364,6.222184429650665,6.695220163718061,0.8530197755211117,10.416666666666666,0.12300000000000001,1.3,False,False,455949997,0
3249339235,133492965.00660706,2.6339468302658493,106.47435690185259,32.47516751002897,0.7248171074845244,11.494252873563216,0.342,0.8490000000000001,False,False,3249339235,0
623570742,227041968.83418107,1.2098765432098766,10.466167168130438,12.911177678083465,0.5474860335195529,3.9525691699604737,0.02,0.531,False,False,623570742,0
2166994668,184922349.5861659,1.6498357963875203,46.09156231831501,90.584287066906,0.6226181254841209,76.92307692307692,0.35,1.2429999999999999,False,False,2166994668,0
444348689,243547374.745095,2.503623188405797,3.15662281642181,10.221597348793171,0.7145811789038262,2.028397565922921,0.033,0.495,False,False,444348689,0
51768925,321961603.309947,1.4632850241545894,0.6373430803251946,9.05134516054252,0.5940380466758188,4.366812227074236,1.6840000000000002,0.774,False,False,51768925,0
2324352691,176790260.95051005,1.8775894538606404,5.6089786545288725,15.977549808531187,0.6524869109947644,7.8125,0.19899999999999998,0.573,False,False,2324352691,0
1016733578,212443644.0905509,1.0,0.0004066960928385003,163.6207519825069,1.0,200.0,0.17800000000000002,0.0,False,False,1016733578,0
1236556939,205904712.331676,0.8740771550379536,12.66093995848269,46.704866008647315,0.4664040392831382,2.6525198938992043,0.32899999999999996,0.466,False,False,1236556939,0
89788302,310019937.07702714,1.2169811320754718,1.8588739983416496,1.6150187137016283,0.548936170212766,2.2831050228310503,1.714,0.757,False,False,89788302,0
3070276309,142233006.42403793,0.18421052631578946,0.6038092153094338,0.3383518439913024,0.15555555555555556,1.6439169139465877,0.30324909747292417,0.8989169675090253,False,False,3070276309,0
44930494,323949472.09867406,1.0537261698440208,0.3192497871041393,4.774344560527316,0.5130801687763713,3.2679738562091503,0.051,0.46399999999999997,False,False,44930494,0
3351495831,132529862.04031706,4.887323943661972,3.9180905496003167,10.022749435866102,0.8301435406698564,2.028397565922921,0.086,0.405,False,False,3351495831,0
3181170474,137719212.01361895,1.645550527903469,35.44289811589472,13.181533450979098,0.6220068415051311,10.638297872340424,0.021,0.6970000000000001,False,False,3181170474,0
1283424414,204375134.9668469,1.0319134239005296,8.407269310323523,1.5815152858611297,0.5078530471636108,3.3898305084745757,0.14300000000000002,0.988,False,False,1283424414,0
1144872264,208276050.3133349,0.29844961240310075,3.0336814965015977,2.4197270845198715,0.2298507462686567,2.7548209366391183,0.105,1.5590000000000002,False,False,1144872264,0
1491880526,197507597.45904303,1.0,0.03368376753901624,284.5972140978336,1.0,111.11111111111113,0.0,0.0,False,False,1491880526,1
1691161056,190988520.72512007,1.0945273631840795,1.7480087218461289,4.0592345396287035,0.5225653206650831,6.024096385542169,0.7,1.3630000000000002,False,False,1691161056,0
3305703314,129505919.21317291,0.28125,0.002001452918714429,0.4536626615752706,0.2195121951219512,16.72222222222222,0.782392026578073,1.7275747508305648,False,False,3305703314,1
38398195,326483416.197325,0.7366296670030272,16.8209364627599,19.196858673556573,0.4241719930273097,6.666666666666668,0.8420000000000001,1.354,False,False,38398195,0
16480880,345686364.5671811,1.3364485981308412,0.12571858324355192,0.10372407961446134,0.5720000000000001,1.5018315018315018,0.12195121951219512,1.324390243902439,False,False,16480880,0
84109909,312027626.673897,0.682645034414946,9.967517405920077,7.851181724239737,0.4056975894813733,11.627906976744184,0.526,1.172,False,False,84109909,0
2680124670,161858773.5995071,1.2975871313672922,0.4649386519275417,0.272771126446583,0.5647607934655776,1.7080536912751678,0.5579567779960707,2.1100196463654224,False,False,2680124670,0
524864590,236395811.3552949,2.0980392156862746,2.3124470643788158,1.9038306872687287,0.6772151898734177,1.9455252918287935,0.146,0.873,False,False,524864590,0
521619007,236670883.33814907,0.16063348416289594,2.734693811385602,3.554992435625816,0.13840155945419105,3.53356890459364,0.40299999999999997,0.9390000000000001,False,False,521619007,0
170290373,288195424.3547871,1.6428571428571428,0.014989828550094543,9.281701838218543,0.6216216216216216,5.405405405405406,2.286,0.409,False,False,170290373,1
131088932,297374664.63868594,66.20588235294117,0.0023243405783738066,5.077812536029877,0.9851203501094092,3.278688524590164,0.151,0.11900000000000001,False,False,131088932,0
97671114,307022410.83077186,0.7082452431289641,0.8954551534400405,1.9780497402671413,0.4146039603960396,2.3094688221709005,0.46,1.217,False,False,97671114,0
253747929,270186959.810658,0.8804937348045633,1.6132828923552132,19.77254862241973,0.468224763799105,3.968253968253968,0.293,0.821,False,False,253747929,0
