id,screen_name,location,age,in_out_ratio,favorites_ratio,status_ratio,account_rep,avg_tpd,hashtags_ratio,user_mentions_ratio,description,verified,bot
259570426,churchesuncut,UK,269128641.183568,0.748898678414097,0.06388617697613441,0.2696702947736327,0.4282115869017632,1.849438202247191,0.6196840826245443,1.088699878493317,Mobilising churches to protect the poor from the excesses of the rich,False,0
379554483,Darthgreg78,In queue,251246312.47339702,1.6574074074074074,7.052062904157473,54.54679698612933,0.6236933797909407,13.698630136986301,0.21,1.386,Bio? Are we waiting on heels again.. #effinpallyhealers,False,0
20681749,serengetisun,,333719686.866482,0.6007077558242406,36.695956762357774,79.22855330551246,0.3752763448784083,200.0,0.185,1.417,retweets are not endorsements.,False,0
970451120,placentalester,,214304207.00384808,0.6031746031746031,0.4144538329030804,4.695262001935092,0.37623762376237624,4.366812227074236,0.054,1.179,"Proffesions: crying over bands, crying over youtubers, crying",False,0
2277635479,Me125Touchy,"London, England",179240135.26853204,1.0796586059743956,9.005375930908377,28.362451257826677,0.5191518467852257,8.849557522123893,0.324,1.27,"40 something Geekess & world citizen big on #data, #cloud #security, #Telecoms & #travel...I tweet social justice issues..retweets not my views & I follow back.",False,0
296656431,Tyuneman,India,263081500.54989696,1.624413145539906,0.024302735033196937,1.7563652291559084,0.6189624329159212,4.366812227074236,0.358,0.797,,False,0
2166482420,IanIwrussell,"Edinburgh, Scotland",184950467.14736104,1.148217636022514,15.34594664061381,29.938376936286673,0.5344978165938865,3.1545741324921135,1.107,1.636,Retired Old Joiner. Co-Chairperson of Hope Over Fear FREEDOM FOR SCOTLAND.,False,0
33599092,zenlaw,"Antigua, W.I.",327923332.4938121,0.4296875,0.8336387591607514,1.2235835643307615,0.3005464480874317,2.7027027027027026,0.593,1.007,Kind hearted and die hard Arsenal fan. Scorpio from birth to da world!!!!,False,0
3013427802,karnisingh502,,144766714.17910004,0.7859531772575251,0.08832969700604068,21.049324889905737,0.4400749063670412,47.61904761904762,0.769,1.661,,False,0
1909746842,museiko72,,187928269.96976304,0.8133718133718134,0.0,53.477646559599584,0.44854111405835545,17.24137931034483,0.266,0.068,ÂÖàÊúà„ÄÅÂ®ò„Å®„ÅÆÂ§¢„ÅÆÂõΩÔºÜÈéåÂÄâÊóÖË°å„ÅÆÈöõ„Å´Á´ã„Å°ÂØÑ„Çä„Åæ„Åó„Åü„ÄÇÊúâÂêç„Å©„Åì„Çç„ÅÆÈ∂¥Â≤°ÂÖ´Âπ°ÂÆÆ„Å®È´òÂæ≥Èô¢„ÇíÊï£Á≠ñ„Åó„Åü„ÅÆ„Å°„ÄÅÊ±ü„ÉéÈõª„Å´‰πó„Å£„Å¶Êñ∞Ê±ü„ÉéÂ≥∂Ê∞¥ÊóèÈ§®„Å™„Å©Ê•Ω„Åó„Çì„Å†ÊÄù„ÅÑÂá∫„Åó„Å¶„ÇÇÊ•Ω„Åó„ÅÑÊóÖË°å„Åß„Åó„Åü„ÄÇ,False,0
76694295,Eravani,"Atlanta, Ga",314448415.1944499,0.4163934426229508,0.21541720907740033,0.906730599432935,0.29398148148148145,2.4096385542168677,3.437,0.297,Recording Engineer/Music Producer/Songwriter/ Artist. Follow on IG: Eravani Avery. The Introduction R&B EP on Itunes and Spotify now!,False,0
2369924384,mekhayy,,174344393.50065088,2.507640067911715,5.401722310023604,20.60781839816711,0.7149080348499516,9.345794392523365,0.015,0.288,18th,False,0
1075593628607832064,kaitlinswantek,"Omaha, NE",22893828.955288887,0.6311787072243346,6.661008968740926,0.9548075178988411,0.38694638694638694,1.876923076923077,0.0942622950819672,0.9262295081967213,,False,0
3326359645,OujiGaiden,"Quezon City, Philippines",127844813.69797206,0.1587861679604799,88.05115259969723,88.71683466796676,0.13702801461632155,333.3333333333333,1.483,1.3,The Man Who Can't Be Moved ‚Ä¢ Sleepy Ash Sloth ‚Ä¢ Mr. Star Park's Biggest Fan ‚Ä¢ Natsu no Orion üíï ‚Ä¢ #HeIsPsychometric ‚ù§Ô∏è ‚Ä¢ #HindiPasisiil üáµüá≠,False,0
2786203847,ClubFranglais," todayonwards  UK, ",156413298.63905406,0.8812949640287769,2.701703778878604,16.01412681526674,0.4684512428298279,20.0,0.482,1.39,Adopted this I/D to speak against Grayling whilst in Probation. Often used Franglais expletives. I've now left & work on reducing pathways to crime.,False,0
609065499,CamCityWI,"Cambridge, UK",228416840.0335989,2.1303418803418803,0.02383011690030969,0.559440363421556,0.6805460750853243,2.2573363431151243,0.15,0.79,A new modern WI in the heart of Cambridge. Email us at info@camcitywi.co.uk,False,0
132714768,xlakersx_rakshu,Bay Area,296969322.9939599,6.008951406649617,32.2404210087206,22.702854059229303,0.8573253056011677,10.204081632653061,0.023,0.765,,False,0
251750407,kendra_lopez,Miami,270544876.5855291,1.0659630606860158,1.8972911499128922,11.592605410173032,0.5159642401021711,3.4129692832764507,0.047,0.888,psalm 46:5 | @_anthonymartel ‚ô°,False,0
253264822,nialloleary93,,270276959.138016,1.0477453580901857,3.953384718430141,1.0402129759660126,0.5116580310880829,1.7152658662092624,0.057,1.151,‚≠êÔ∏è‚≠êÔ∏è‚≠êÔ∏è‚≠êÔ∏è‚≠êÔ∏è‚≠êÔ∏è,False,0
198075393,FoxiesDoxies,USA,282080277.455544,0.8597110754414126,0.31793502477015295,8.230474037185722,0.46228206456067666,7.633587786259542,0.521,0.835,‚Ä¢Constitutional Conservative‚Ä¢ Liberty Lover ‚Ä¢ Proud Infidel ‚Ä¢God & Reason Prevail‚Ä¢ ‚ô• my Doxie! #TCOT   ~End the Fed~ mmmm #coffee #teaparty,False,0
19185745,CampAmerica69,London,335793948.8979981,11.61022120518688,5.6788825595521875,17.69353622808961,0.9206992499395112,6.8493150684931505,0.81,1.121,"Est 1969 we are the original providers of summer camp experiences! There's only one Camp America, so trust us to make your summer AMAZING! #iamCA #TheOriginals",True,0
290606170,MillerTime42_,"Springfield, MO",263997325.96359897,1.0232876712328767,3.1497046303970992,3.966258355754618,0.5057549085985105,3.115264797507788,0.016,0.772,"Part time goofball, full time tall person",False,0
3371446127,SoleSelector,NYC,131519537.38849807,36.67625899280576,0.00788323940752146,111.29754476523985,0.9734580866908535,100.0,0.003,0.811,"Providing Sneaker News, Pics, and Deals Daily",False,0
22502369,jmjlori,TEXAS,332159453.47672296,0.535175879396985,0.9538455000565044,0.9845391921772209,0.3486088379705401,4.545454545454546,0.576,1.353,"I LOVE LIFE! I LOVE JESUS and to receive Him in the Holy Eucharist. I love my family. I SEEK THE TRUTH, SHARE THE TRUTH and STAND FOR THE TRUTH!",False,0
176611682,R9Rai,Coventry,286775892.3009901,91.42857142857143,3.653328010223343,5.397742423813411,0.9891808346213292,9.433962264150944,0.02,1.04,FIFA skiller who streams on @Twitch : https://t.co/4d4vt8N90K Leeds United #LUFC Sponsored by @WeAreSneak @ScufGaming Insta : https://t.co/HlcSU7Rchy r9raicontact@gmail.com,False,0
2575568852,MME_SANJOSE,"San Jose, Ca",165046333.83057904,2.6447876447876446,0.04606706385738157,4.217230300398476,0.725635593220339,7.462686567164179,1.58,0.054,"San Jose Medical Marijuana Exchange 
News - Directory - Marketplace
Following confirms you're 21+ years old",False,0
2682058062,UsaCiny,Cayman Islands,161803165.60306,0.6333333333333333,0.005339821361218536,13.533777240008378,0.3877551020408163,83.33333333333333,0.801,1.244,,False,0
3044724727,chamas_zena,Melbourne,143186493.76522493,0.4355095541401274,0.9238189756702169,0.7452099509815271,0.3033832501386578,2.5510204081632653,0.466,1.052,Journalist & Doco maker. Sometimes @ The Project & AAP. Freelancer + diversity advocate üßû‚Äç‚ôÇÔ∏èzenachamas.media@gmail.com,False,0
16552186,Titty_Jenkins,The Land,345271584.08847,2.128776978417266,0.27225872134300305,84.62516739435242,0.680386295700161,58.8235294117647,0.04,0.605,Ima DAD now‚Ä¢ Retired DJ ‚Ä¢ podcast co-host ‚Ä¢ amateur photographer ‚Ä¢ where the titties?,False,0
13413,Mickeleh,"Kirkland, WA",404094296.069325,2.1270783847980996,6.636066942998757,22.35912183835912,0.680212685150019,38.46153846153846,0.118,1.213,on hiatus,False,0
190719938,FashionSpire,,283690371.20350695,0.39703822293376023,4.2092877348430715,13.771476216925985,0.2841999713508093,17.54385964912281,0.043,0.951,"Blogger, Consumerism, Fashion News & Informational Arts, Online Fashion Design, Poetry & Writing Arts (Published Poet)",False,0
17867794,hils_k,"York, UK",339773340.454957,1.80625,0.6059663177938309,57.96221673433732,0.643652561247216,47.61904761904762,0.131,0.793,British. Ace. Regularly sleep deprived because of hockey. Contributor for @MHSAvalanche. #GoAvsGo. She/her.,False,0
118926064,mouroarte,BRAZIL,300670762.118979,0.34615384615384615,0.0278736779756577,11.13941367759145,0.2571428571428571,4.329004329004329,0.053,0.005,"Artist and comic book among other things, I live in Niter√≥i (Rio de Janeiro / Brazil)",False,0
3306087551,RedditDawgs,"Athens, GA",134977721.34815907,1.0058823529411764,0.008321373251685278,2.9188816944372977,0.501466275659824,4.291845493562231,0.057,0.096,@reddit's Georgia Bulldogs community. Come join us in discussing all aspects of UGA athletics. #GoDawgs #ATD #CommitToTheG,False,0
499066360,tswiatk,,238322488.63821602,0.22764227642276422,0.05873050453601026,0.09824670820530111,0.18543046357615894,2.3076923076923075,0.37037037037037035,0.9407407407407408,Nurse,False,0
440775877,AkihiroSuzuki_,Hokkaido Sapporo ,243876795.5624001,1,1.7189532076360956,10.457555808533032,1.0,4.0,0.287,0.662,DJ„Åó„Åü„Çä‰∏≠ÂõΩË°å„Å£„Åü„Çä„ÄÅÂ§ßÂ≠¶Áîü„Åß„Åô,False,0
16425880,wochenschau,"Dublin , M√ºnchen , Wien , Porto",345970972.938251,4.533333333333333,0.003995710935688039,17.122370555223686,0.8192771084337349,2.7472527472527473,0.971,0.574,‚ö†  https://t.co/ZZoUexZIyY üì∫¬† https://t.co/YUfuMLPNzi ‚ñ∫ #Koogle #Tourvision Mediathek,False,0
3230352381,djamalnasir14,ÿßŸÑÿ¨ÿ≤ÿßÿ¶ÿ±,137521168.522511,0.26767241379310347,10.362006193735482,30.287491334966354,0.2111526691601496,166.66666666666666,0.674,1.106,,False,0
1220276724,nickfullmer,"Indiana, USA",206326694.9691341,0.9347116430903155,6.351232448113593,2.9275048489986237,0.4831271091113611,5.434782608695652,0.42,1.207,"Disabled veteran üá∫üá∏, slightly sarcastic üëå, martial artist, and student. Disagreement doesn't = racism or sexism üòâ #KAG",False,0
80533338,AlanTwitch,Llandudno North Wales,313270237.11365294,1.114577631819011,7.346766233541102,8.599450828208257,0.5270923209663503,20.833333333333332,0.209,1.281,Out birding as often as possible! Leading bird tours across the UK and beyond join me!,False,0
303030329,Kenzaburo23,"Kingston upon Thames, London",262133906.27802992,0.5290581162324649,0.7505049720326419,0.3230104842301225,0.34600262123197906,1.75,0.37551020408163266,1.256122448979592,"Director of UG Studies SEC Faculty, Kingston University. Chemist and school governor.",False,0
1441694053,SevenPS4,,199194559.16217494,0.5565123789020452,0.0,9.329025892153338,0.3575380359612725,10.638297872340425,0.001,0.0,Tweeting the latest Playstation news!,False,0
359575604,Langworthy_47,Isle of Axholme y Axarqu√≠a,254217990.69945002,0.302785265049416,0.5424258118813711,5.673379747954716,0.23241379310344829,11.627906976744185,2.606,1.444,"Rules are for the obedience of fools & the guidance of wise men
Just because you can't see it doesn't mean it's not there
#Brexit - Dum Spiro Spero",False,0
486386296,allthenewsindia,India,239487497.49190593,1.4803240740740742,0.0010823111966784835,66.50152916871274,0.5968268782081194,8.771929824561404,0.0,0.0,All the news. All from India. All of India. All in Words. Perfect on your mobile!,False,0
232394899,mechisian,,274414525.24590707,0.4562043795620438,1.4955476559859004,14.00966073699971,0.3132832080200501,41.666666666666664,0.072,1.499,"Mean people suck.
We're all journalists now.",False,0
31242472,jamie_precopia,"Not NYC, NY",328430445.41704607,1.0495049504950495,4.836004768020709,2.324481212545884,0.5120772946859904,7.575757575757576,0.079,0.637,,False,0
18627747,KristoferA,Bangkok,337028230.8801141,2.157303370786517,0.01384335071224233,16.287983904685717,0.6832740213523132,14.705882352941176,0.023,1.412,"Software dude, but tweeting about everything and anything. ·π∞ÕâÕñÃ¶Ã∞Õ§Õ≠Õ©ÃΩÃÑÕÆÕ¶ÕÖ·∫ÖÃ∂ÃªÃúÕöÃÅÕó·∫πÃ∏ÃùÃπÕìÕìÕ¨ÃêetsÕãÃÜÃìÃÜÃÑÃÅ“âÃ£ÕéÃù often sprinkled with a few grains of sarcasm.",False,0
164100977,AuldynLeblanc,,289624114.45218205,1.5948275862068966,6.028105785674319,5.043359054417284,0.6146179401993356,2.3255813953488373,0.021,0.73,,False,0
1039489236,jayprakasht222,,211563353.08720398,0.3986013986013986,0.4880240291778811,2.50995454671737,0.285,11.494252873563218,0.633,1.199,India,False,0
3263350812,sukhinsankaur,"Moga,Punjab",132421171.488523,163.625,2.380187370773392,14.763947320685391,0.9939255884586181,12.5,0.497,0.866,"i am nothing without u saint @GurmeetRamRahim g  
  #My Dream @Selfi Wid MSG /// @Dancing is Mah Hobby&&&& #My Papa MY Life",False,0
2803245280,McCarrenBill,Michigan USA,155795960.830755,2.600189933523267,270.0668937476978,407.851292557108,0.7222368768135057,200.0,0.731,1.472,"Proud Husband and Father of two Sons, Sailing Enthusiast, Bicycler Enthusiast, Dog Lover and passionate Notre Dame Fan Go IRISH!",False,0
163268666,SkylerBeltran,California - Utah ,289802366.7071841,0.8014598540145985,3.3215132468969517,9.97318563281544,0.44489465153970825,4.694835680751174,0.332,0.956,Oakland Raiders! BYU Cougars! Golden State Warriors! #UTPol #Raiders #RaiderNation #BYU,False,0
335658408,Dntn_BrandNAS,"Philadelphia, PA",257484923.3244269,0.5663010967098704,1.083167108967353,3.8078625627514002,0.36155315085932527,2.793296089385475,0.035,0.505,proper preparation prevents poor performance,False,0
1855470302,Leukaemia_and_K,Burton on Trent,189244280.57249093,0.9457364341085271,8.669937051923258,17.35585345070367,0.4860557768924303,6.4935064935064934,0.781,1.548,Chronic Myeloid Leukaemia / stem cell transplant. Campaigning to raise awarenees & education. Made the shortlist for a Pride of Britain Award in 2014.,False,0
522477612,geoffkernow,"WEST CORNWALL, SOUTHWEST U.K. ",236597356.75362706,1.0114821548177209,0.5799016602830102,130.3664944664567,0.5028541527923128,200.0,0.007,0.042,"HAPPILY MARRIED, NON PC, DO NOT DM, LIKE CLASSIC COUNTRY, FUNK, ROCK, SINATRA, TOTO, HENDRIX, LED ZEP, CSN, V.GILL, G. JONES, PINK FLOYD, HATE THE EU, ISIS.",False,0
483296420,MusabNur,Canada,239784498.17683792,1.3366336633663367,5.678338718109519,8.220421315752938,0.5720338983050848,6.451612903225806,0.073,0.777,,False,0
33460001,Mosabunny,,327963335.4274969,4.982708933717579,0.19178729207035147,3.156850440767887,0.8328516377649325,2.493765586034913,0.225,0.899,,False,0
366670590,WaqarImtiaz,,253198730.06906796,1.4094488188976377,0.021156504215241376,22.755185219247924,0.5849673202614379,3.125,0.002,0.004,Follow me to get the latest tec news. I am a web developer & a lost soul finding its way through exploring internet :-P,False,0
2202282560,reilly_kortus17,,183350209.2966051,1.1876019575856445,0.8755441328147553,0.7761147399062981,0.5428784489187174,2.7548209366391183,0.056,0.914,,False,0
977179363,TopShelFF706,Augusta,214030484.00841904,0.9099185740847598,0.09002082151644394,18.340834102144008,0.47641746953573466,7.092198581560283,0.611,1.551,http://t.co/4Ah1rXlgSX 2.0 Music&promo == TopShelFFpromo@gmail.com Business&Models ==  TopShelFFent@gmail.com,False,0
36486818,h_bryniarski,"Buffalo, NY",327138406.72353506,1.1385985288424312,1.152304933485147,3.311919290832854,0.532404055032585,2.0242914979757085,0.143,0.908,"thank u, next",False,0
340192941,HungerandHawHai,"Lahore, Pakistan",256854200.68199396,3.8154981549815496,2.0646857189483248,2.9039478350734584,0.7923371647509578,6.7114093959731544,0.248,1.746,Simple food. Complex life. Live From Lahore. Writer | Photographer | Monster Mama | Champion Cook,False,0
3118323638,bbywolf666,,140441590.46866012,142.28671328671328,78.4419940221224,63.94844127035244,0.9930209858467545,14.285714285714286,0.044,0.975,,False,0
2856180572,edmlawncare,"Fort Worth, TX",154839915.15834403,0.5,0.0,0.04073368287208156,0.3333333333333333,1.5208333333333333,0.4520547945205479,0.4931506849315068,"With over 18 years in the lawn care business, we can serve all your lawn care needs. #maintenance #design #hardscapes #irrigation",False,0
19349293,Chris1966,,335530377.8092401,0.5982905982905983,2.5150295049581675,36.29398470419104,0.37433155080213903,37.03703703703704,0.075,1.371,I am me what you see is what you get,False,0
16143614,CrystalRChavez,Orlando,347557648.3120079,1.133736559139785,1.7222443612078022,5.075748465233964,0.5313385826771654,4.405286343612334,0.407,1.112,"Latina. Journalist. Chronic Illness Spoonie. Proud Texas Longhorn, Hook 'Em!! \m/",False,0
256278877,ImJustFu,Da Jungle,269752576.0310199,1.448456992777413,0.5018999336059393,30.139939790843968,0.5915795119334942,47.61904761904762,0.02,0.978,Serial Entrepreneur | Host | Poet | Designer Crown Check Apparel | Event Planner | I'm (not) Just Fu | Ya Alpha Bro‚Äôs Old Head ü§ôüèæ | F3 | Him |,False,0
2875846994,CCornerCollab,"Louisville, KY",153990479.67639995,0.8313253012048193,0.1902039662552517,0.8999621294201291,0.45394736842105265,3.508771929824561,0.799,1.424,Teachers/Instructional Coaches collaborating to tackle the YET of student understanding.,False,0
2391400550,JillvYC,Georgia,173270138.7032709,1,0.3385788251746378,0.41636718559767677,1.0,7.980392156862745,1.011056511056511,1.5393120393120394,"Attorney, Chocoholic, Film, Music,  Technology, Stock Market Trader, Foodie, Petroleum Consultant,  Puffs, Negotiator, Writer, Entrepreneur",False,0
40626279,JazGreer,United Kingdom,325633193.7434461,1.1699132427565886,1.0660927898938652,31.311766109548266,0.539152082076041,2.932551319648094,0.86,0.986,Zero Budget Marketing for Small Businesses! Global Top 10 (April 2018)  #socialselling Influencer enabling you to get #results via Social Selling Techniques,False,0
365119419,waterproofheart,"New York, New York",253437867.36852193,2.346368715083799,12.452832060060143,4.381059592746191,0.7011686143572621,5.847953216374269,0.18,1.635,technologist. building tech to bring people together IRL @meetup. organizer of @ReactJSLadies. books & elevating women are my love languages. https://t.co/vX5NMoXI7F,False,0
284781916,conigalvez,"Hermosillo, Sonora",264923412.22583508,1.9576923076923076,6.231077827854656,9.921913574626933,0.6618985695708712,2.4213075060532687,0.008,0.611,Dibujo para sobrevivir,False,0
1454928205,ruthmkb,,198759405.251014,1.0217391304347827,44.91196373186199,143.68585558974098,0.5053763440860215,125.0,0.539,1.776,"Please DO NOT add to list, you will be blocked.",False,0
1608447355,mozzriam,Wishing for the Peace nation !,193847480.157655,0.3416370106761566,2.793718028006123,4.754847466938309,0.2546419098143236,5.649717514124294,0.853,1.242,Citoyenne qui a le Monde √† coeur / Citizen who's got the World at heart,False,0
3241328908,diannewader,,137134439.07879305,0.7922794117647058,0.0,24.59985998164693,0.442051282051282,100.0,1.345,0.0,,False,0
30995734,itsnotok,Phnom Penh Cambodia,328513801.711936,10.796812749003983,0.011309113896096666,0.6985350350705289,0.9152313407632556,1.2285012285012284,0.246,0.048,"To succumb to the enormity of the problem is to fail the one! ITS NOT OK that a child is sexually exploited, speak up for the ONE.",False,0
3241234947,Leannetravels9,,137134780.572788,0.880958230958231,0.0,26.539052928795662,0.4683560838612762,100.0,2.862,0.0,traveler,False,0
512417432,BruceBourgoine,Maine,237456734.01734304,1.1054714710911278,0.041479556436923866,32.32312628135203,0.5250469960147379,25.0,1.505,1.375,''True compassion is more than flinging a coin to a beggar. It comes to see that an edifice which produces beggars needs restructuring.'' Martin Luther King Jr.,False,0
1320983960,Astambaya,Nigeria,203336927.968858,1.6735751295336787,0.9105832464841673,17.324451761853695,0.625968992248062,40.0,0.148,1.222,"DOGARA GA ALLAH YAFI                                                            RIP Alh. Tambaya


#FCB #CITY.",False,0
2327835704,Dashyingon,"Exeter,  United Kingdom",176623621.84492993,0.3372093023255814,0.8956808740956138,1.9469196498637593,0.25217391304347825,2.3094688221709005,0.418,0.45,"Left Wing Activist, Equality, Civil Engineer, Manchester United, Culture, Diversity, Travelling, Volunteering, Campaigning, Spiritual, Networking, Music,",False,0
66492913,EvelynZoubi,San Francisco,317636030.6194539,3.182758620689655,0.2875139820312524,1.2289386668090807,0.7609233305853257,1.858736059479554,0.499,0.86,"I build products. @TechWomen, @plugandplaytc Alumna",False,0
3159083169,ab_utrikes,"Stockholm, Sweden",139347279.49845695,0.5934202358783365,0.09920538133041254,1.0974595309676887,0.3724191663420335,2.7472527472527473,0.074,0.792,V√§lkommen till @Aftonbladet utrikesredaktion! H√§r twittrar @wolfganghansson @staffanlindberg @nivettedawod & @schori . F√∂lj och tipsa oss g√§rna!,False,0
14086349,webmasterfree,92100 Boulogne-Billancourt,363408317.725162,0.31425115904051604,1.8996152986296984,97.41745544408265,0.23911042944785277,16.949152542372882,0.291,0.243,"Actu #NTIC #transfonumüëâNews #SEO #Web #B2B; #GWT,#IT,1&1,CCM,OVH;
#SSII #IA,#DL,#DSI.
Ishop #Tuto+CD.
#Audit #ERP #BO,CFO,#SIRH,BNI; #cloud;IoT,
#Host,#App #5G",False,0
125570941,Muschelschloss,"Bad F√ºssing, Deutschland",298852985.9235549,2.9036531513448414,26.28401377930112,122.66335665582747,0.7438296997120527,111.11111111111111,0.632,1.011,(Investigative) Bloggerin. Mostly a step faster than #Reuters. Sehr gut vernetzt. üëè M√ºnchner Kindl. Kritisch. Nett. Dahoam in Bayern. DM open. https://t.co/ahX,False,0
387717026,MShamsaldeen,Kuwait,250008212.16231298,1.390625,0.17763256501017627,9.10695204892639,0.5816993464052288,2.525252525252525,0.162,0.082,I‚Äôm sleepy  (insta @m_y_shamsaldeen),False,0
2479491865,een2014,,168816699.481467,2.273927392739274,0.03889662586799282,6.276175302884157,0.6945564516129032,3.7593984962406015,0.578,0.988,,False,0
48495906,rlamsfuss,"Madrid, Spain",322820855.4556961,0.7558620689655172,3.746969811762999,47.531917906418684,0.4304791830322074,50.0,0.374,1.29,"German translator with Iranian-Armenian background, interests: human rights & democracy in #MENA region, cycling, ecology, open source, Amnesty International",False,0
494026634,HugeNetwork_EN,WorldWide,238780652.12651896,351.0,0.0,322.96498109544825,0.9971590909090909,500.0,3.813,0.0,"Your Only Media | ÿ•ÿπŸÑÿßŸÖŸÉ ÿßŸÑŸàÿ≠ŸäÿØ #HNN 
| Arabic Page: http://t.co/t84fa62buR",False,0
494747181,volkab1,,238716830.4304669,0.6409036860879905,0.49150786640565786,1.7322213907345203,0.39057971014492754,2.3696682464454977,0.733,1.358,"NDR-Investigativressort, in Kooperation mit WDR und SZ. private account",False,0
111247911,Giannista,ŒöœâŒΩœÉœÑŒ±ŒΩœÑŒπŒΩŒøœçœÄŒøŒªŒ∑ & ŒòŒµœÉœÉŒ±ŒªŒøŒΩŒØŒ∫Œ∑,302906969.6449921,0.9289866060146575,33.08767180810129,172.83880942508236,0.4815930826673654,125.0,0.152,1.073,ŒßŒ¨ŒøœÇ ŒπœÑ Œ≥Œ∫œåŒπŒΩ ŒúŒ±Œ¥Œ±œÜŒ¨Œ∫Œ±Œ∂?,False,0
12896172,littlebytesnews,USA,366433534.812716,1.7393078221722003,302.4510779469031,279.6189493201493,0.6349442761029223,11.11111111111111,0.382,1.258,SAHM/blogger;tweet abt politics to parenting&everything in btwn(feed) #prolife #tcot #news Contribute https://t.co/g863nFB1v9 Subscribe https://t.co/j7uBPU4EMl,False,0
21443029,williamcrawley,Belfast / Manchester,333007982.46084404,4.533354212339493,0.21145439061143137,19.518926699495207,0.8192777903554449,25.0,0.081,1.136,I talk for a living. Occasionally think. And sometimes tweet. Retweets are not endorsements.,False,0
87670274,ftgnews,,310755633.8628249,0.7379182156133829,0.0,2.076342726210468,0.42459893048128344,2.0,0.992,1.384,News & views from major field-based NGOs around the world,False,0
2158613570,NordhausenFrank,Istanbul,185308714.25409007,3.8194626474442988,9.095585206472817,53.256357855184774,0.7925079883064791,45.45454545454545,0.253,0.96,"Journalist, Author, Foreign Correspondent for Berliner Zeitung/Frankfurter Rundschau. Views expressed are my own and retweets are not endorsements.",False,0
474363360,Arjumwajid,London,240647292.03022695,0.6929392446633826,0.8853721070471797,3.4129550890472387,0.4093113482056256,6.097560975609756,0.459,1.842,"Journalist, broadcaster, trade unionist. Believe in equality of all humans, finghting injustice is a moral duty Support Palestinian Struggle pic with Uri Avnery",False,0
1884511734,YaD38,,188553352.90976095,1.3804347826086956,0.0,17.94274537042646,0.5799086757990868,18.51851851851852,0.68,1.288,,False,0
2288213054,independtnews,Boston ,178643064.17796493,0.4297752808988764,18.138658866553897,54.69745856052811,0.3005893909626719,10.526315789473685,0.061,0.233,üèÅReporting car news from a cyber perspectiveüèÅ,False,0
163986899,Christos_Marazo,European Union,289651466.4266131,1.1858864027538727,2.193919498629588,8.561207821912687,0.5425196850393701,9.345794392523365,0.392,1.406,"Working @EuropeAid @EU_Commission
PhD in Politics
frmr: Commission Spokesperson, President Barroso Cabinet trainee,theatre manager,Uni Teacher,basketball coach",False,0
2788002588,JRakchart,"London, United Kingdom",158428930.04575205,0.24864864864864866,2.4453715611670117,3.820756725587887,0.19913419913419914,6.896551724137931,0.173,0.955,Lost sheep being | MBA 16 Uni of Exeter | Int Export Manager & Owner | Bounding üáπüá≠üá¨üáß| Wild about: We bare bears.üêªüêºüê®,False,0
141253101,Bovis_C,York,294935758.81839705,0.5237209302325582,0.8741483265131914,2.499700961842179,0.3437118437118437,3.3557046979865772,0.08,0.815,"Dr., Representation and Democracy Coordinator at @GSAYork, Activist @AmnestyUK, Ginger.  Tweets about food, history and human rights. Views my own. He/him.",False,0
552779620,don_mond,,233852151.13652706,0.3492822966507177,2.262598814800271,12.327542791415063,0.25886524822695034,14.285714285714286,1.156,1.107,"Syrian activist tweeting for humanity, equality, anti Assad anti  Putin & khameney",False,0
2403126061,newzlasz,,172692334.1271279,1,0.0,55.71121178382795,1.0,142.85714285714286,5.834,0.0,BreakingNews,False,0
64746727,proudvegan,,318177178.7761121,1.4519972918077184,39.33111245796092,62.99967608332107,0.5921692069803401,20.408163265306122,0.531,1.002,"A hundred years from now it will not matter the sort
of house I lived in but the world may be different because I was important in the life of animals!",False,0
944728574514352130,News24_World,,54103362.151292086,1,0.0,8.352013295151723,1.0,10.0,0.001,0.001,WordNews24,False,0
2537372586,Sugathri15,Baroda,166643149.9228611,1,0.004147785254419132,4.317844449850316,1.0,43.47826086956522,0.469,1.04,"Every one of us lives his life just once; if we are honest, to live once is enough",False,0
2588718286,GencerSultan,,166057772.9306209,0.1956315289648623,4.329943653407947,39.92476523679469,0.1636219221604448,10.526315789473685,0.328,0.741,"Researching currently 'image' on social media platforms, PhD at the Cinema and Media Research, Bahcesehir University",False,0
1662872534,lauriedriver910,Iceland,191946652.38737893,0.73568281938326,0.03826063079849206,28.23814602956001,0.42385786802030456,22.22222222222222,0.045,0.975,The original drummer with the 70's punk band The Adverts,False,0
3020138827,CHPSRE,  üá∑üá∫üá©üá™üá®üá≥üá¶üá∫üáßüá∑üá™üá∫¬†üåø,144233695.97184396,0.3297340531893621,15.83889523600616,92.24849096703001,0.24796992481203006,47.61904761904762,0.555,1.533,"Civil Rights, Human Rights, Patient Rights, Social Justice, Equality, Freedom & Democracy. Efforts and courage are not enough without purpose and direction-JFK",False,0
3293123606,seenbournemouth,"Bournemouth, England",130341012.69651508,0.40197287299630086,15.5126368759145,29.856622405267284,0.28671943711521547,14.925373134328359,0.028,0.001,Seen Something in Dorset You Would Like To Share? Anything To Do With Dorset Find It Here!!,False,0
2049211,javierpascual,mail@javierpascual.com |Berl√≠n,393498302.1913581,5.178605539637058,0.8574166600493397,4.430242240669789,0.8381511825629927,3.125,0.122,0.798,"Productor TV. Informativos, producci√≥n, periodismo, pol√≠tica, medios. Madrid, Londres.... y ahora Berl√≠n.",False,0
2314454575,jessicahannan81,Atlanta,177316556.9669571,1.319915254237288,0.0613952818970463,36.690989895615765,0.5689497716894977,2.638522427440633,1.052,2.053,Journalist. Founder: @WildPanPress. Feminist. RT: not endorsement. #NotMyPresident. Resist.,False,0
160150650,Imeldaflattery,Beijing,290551750.5348761,5.882262996941896,1.494260486129427,3.227305284768691,0.8546989557876028,2.386634844868735,0.183,0.743,BBC News Asia Bureau Chief. Formerly Senior Europe Producer & London 2012 Olympics News Editor. These are not the views of the BBC.,False,0
256009120,gert_lang_,"Beirut, Lebanon",269798437.628773,1.605313092979127,0.0983133936323849,1.6293763739464961,0.6161689730517116,2.1321961620469083,0.378,0.905,g.vanlangendonck@nrc.nl,False,0
2281776226,SitanshuRaghava,Mumbai,178461939.72577095,1.4313725490196079,0.0,22.360344206343694,0.5887096774193549,58.8235294117647,0.001,0.0,"He who laughs last, thinks slowest.",False,0
19819827,Annoula64,Sweden,334762176.153106,0.6308523409363745,16.650913385897713,118.44692986421819,0.3868237026131763,200.0,0.492,1.242,~I dream of a world free of war & the threat of war; equity & justice for all; a community where every person's potential may be fulfilled  & an earth restored~,False,0
318417786,CDB_77,"Grenoble, France",259953488.06718302,7.468181818181818,0.061820289927583996,19.973271521012002,0.8819108964036501,32.25806451612903,0.702,1.51,"G√©ographe & citoyenne engag√©e. Je twitte surtout sur les migrations et les r√©fugi√©s, mais aussi sur la cartographie et qqs autres petits trucs qui me font envie",False,0
242385901,IrishRefugeeCo,Dublin,272290411.6890111,7.012322858903265,2.704101093508006,5.896222309266107,0.8751922485389111,4.739336492890995,0.828,1.335,"The Irish Refugee Council (IRC) is a membership-based, non-governmental organisation which advocates with asylum seekers & refugees for their rights.",True,0
295268909,zobonews,,263306614.40721202,83.55555555555556,0.0,57.085569361178564,0.988173455978975,90.9090909090909,0.125,0.0,"Displays the Latest South Africa News in your region, updated continuously ,every minute of everyday",False,0
386425059,Chara_fc,Hellas,250208641.0584011,1.563109954456734,6.8216349074915,31.39057055254441,0.6098489656047722,25.641025641025642,1.069,1.08,‚ñ∫this account supports #whistleblowers‚ñ∫There is nothing nicer..Than to smile at your enemies‚óÑ ‚ñ∫#Hellene‚óÑ‚ñ∫#Greece‚óÑ‚ñ∫ŒïŒªŒªŒ¨Œ¥Œ±‚óÑ,False,0
427253416,the_realmotive,Worldwide,245276723.82758403,2.299177921315326,0.044031899282835345,64.9255638753321,0.6968941888404379,12.345679012345679,5.104,0.553,Modest,False,0
791998387,rnmmm_,JAKARTA,221838190.1176989,6.041666666666667,0.0003894730657248846,131.4802648927352,0.8579881656804734,166.66666666666666,1.0,0.0,Tak ada yg lebih bisa membantumu selain kamu sendiri yg menjadi penyemangat bagi dirimu,False,0
773798108,SueWhitaker11,"Buxton, England",222538518.51762295,1.0644356955380578,81.65696851514252,41.72455924417727,0.5156061280274618,100.0,0.091,1.277,Chemical reactions database analyst. Animal lover. Brexiteer. Retweets not necessarily endorsement,False,0
1914334561,ImranAbim,Nigeria,187806057.31867504,0.1750465549348231,0.0,37.659155945108665,0.14896988906497624,13.698630136986301,0.003,0.02,Imran .I.G. Abim Ltd,False,0
3461207542,TweetingJihad,,127477722.55001712,12.25,0.002711061925854539,40.321624023234556,0.9245283018867925,47.61904761904762,0.0,0.009,,False,0
103921167,ebusiness_books,USA,304948895.2735021,0.5443577004968062,0.0,174.61787999671762,0.3524816176470588,3.125,0.001,0.0,,False,0
30823468,IsraelNewsNow,"Silicon Valley, California",328579137.4546809,3.9316770186335406,0.0036813049342392695,89.89720354377052,0.7972292191435768,3.125,0.115,0.0,"Current news about Israeli science, medicine, finance, start-ups, education, humor, culture, politics, agriculture, technology and life in the Middle East",False,0
59035104,valeriafrasca,Rome,319947964.4382639,0.6154838709677419,0.05211847504414297,0.26329281434217305,0.38099041533546324,2.0249480249480247,1.0595482546201231,0.9917864476386037,foreign affairs journalist @ Giornale Radio Rai @Radio1Rai,False,0
93866285,mariamjxde,athens // ÿ®ÿ∫ÿØÿßÿØ// wien,308504620.8705189,5.02810650887574,5.48414735320964,32.84887199227174,0.8341104294478527,16.666666666666668,0.179,0.733,ŸÖÿß ÿπŸÜÿØŸä ÿ≠ŸÑ,False,0
798344527,extcrisis,,221589991.19833398,1.130242825607064,2.233010603611235,6.8893075528561045,0.5305699481865285,4.11522633744856,0.429,0.756,"ŒëŒΩ Œø œÄŒøŒªŒπœÑŒπœÉŒºœåœÇ Œ¥ŒµŒΩ Œ≠Œ∫Œ±ŒΩŒµ œÄŒπŒø Œ±ŒπŒºŒøœáŒ±œÅŒÆ œÑŒøŒΩ Œ¨ŒΩŒ∏œÅœâœÄŒø, œÑŒøŒΩ Œ≠Œ∫Œ±ŒΩŒµ œåŒºœâœÇ œÉŒØŒ≥ŒøœÖœÅŒ± œÄŒπŒø œáœÖŒ¥Œ±ŒØŒø  œÉœÑŒ∑ Œ¥ŒØœàŒ± œÑŒøœÖ Œ≥ŒπŒ± Œ±ŒØŒºŒ± Œ±œÄ' œåœÑŒπ ŒÆœÑŒ±ŒΩ œÉœÑŒø œÄŒ±œÅŒµŒªŒ∏œåŒΩ. 
Œ¶ŒπŒøŒΩœÑœåœÅ ŒùœÑŒøœÉœÑŒøŒ≥ŒπŒ≠œÜœÉŒ∫Œπ",False,0
247738191,sabrina_gaffney,,271269708.7547829,1.4447852760736197,1.8826665252981194,2.996787233383523,0.5909661229611042,6.134969325153374,0.251,1.184,Indecisive journalist/writer with a few college degrees üôâüôàüôä,False,0
235939763,hooviestar,,273604952.222316,2.8796992481203008,5.6484240780271575,24.283139417014166,0.7422480620155039,22.22222222222222,0.638,1.099,writing | coding | drawing,False,0
896997523,LianardDouroum,,217292906.65704393,0.1508502468458585,19.34500699847735,25.562192919471176,0.13107721639656816,142.85714285714286,0.051,1.035,"tap tap | tap tap tap | tap taaaaap tap |

issa morse code season. we're warring",False,0
219877344,ChrisAdamTweets,"LosAngeles, CA",277437330.514045,0.8437677321732552,0.0,111.91187264695873,0.4576323348379155,100.0,0.001,0.0,"Network Engineer with over 10 years of experience with VMware, Cisco, and Microsoft technology.",False,0
2165299370,go2sindbad,‚óª Bremen ‚óª Samut Songkhram ‚óª,185022384.197582,1.011260053619303,0.2764465511663666,1.0114581584904563,0.5027992535323914,7.352941176470588,1.772,0.871,‚ñ´ ‡∏®‡∏¥‡∏•‡∏õ‡∏ß‡∏±‡∏í‡∏ô‡∏ò‡∏£‡∏£‡∏° ‚ñ´ ‡∏ì√§T ‚ñ´ Trip ‚ñ´ Arts ‚ñ´ Animal ‚ñ´ Culture ‚ñ´ Cuisine ‚ñ´ Nature ‚ñ´ Support ‚ñ´,False,0
374775473,ektrit,"Toronto Canada,Tirana Albania",251972515.67555308,20.03076923076923,20.230434999362004,166.35014294166825,0.9524506217995611,125.0,0.06,1.556,"There is nothing new under the sun. Economics=Dogmatic Religion. Freedom is a choice, so is slavery. Staunchly pro-USA. Canadian, Albanian. Orthodox Christian.",False,0
2242071757,dazzlerrange,Beauty Point,181342806.864609,0.8724324324324324,24.0514552267648,20.39139938294223,0.4659353348729792,19.607843137254903,0.171,1.407,"Optimist,   Grey Nomad (anarchist div) recovering organic blueberry farmer,  shed builder  #ownerbuilder  #renewable #sustainable",False,0
36524173,Heather84A,,327136951.2344749,1.5568181818181819,14.876763941324905,22.41841275442909,0.6088888888888889,13.333333333333334,0.233,0.691,"Eighty percent of success is showing up early. 'Be the heroine of your life, not the victim.'",False,0
3343213966,moaboshanab,"London, England",133091151.45223093,0.4595972470048432,3.658773665165683,28.818360635918207,0.31487949703108625,7.092198581560283,0.765,0.876,"Mohamed #Aboshanab International Lawyer
(Arabic: ÿßŸÑŸÖÿ≠ÿßŸÖŸä ÿßŸÑÿØŸàŸÑŸä #ŸÖÿ≠ŸÖÿØ_ÿßÿ®Ÿàÿ¥ŸÜÿ®)
Member of @TheLawSociety @The_IoD @CILExLawyers @NYSBA @Conservatives @NEWBORDEREN",False,0
421219348,eliachr,,245940854.1420381,1.1534828807556081,0.20024326650324564,2.6038650724948362,0.5356359649122807,3.215434083601286,0.747,1.323,,False,0
2250803445,nelliepeyton,"Dakar, Senegal",179831876.3955841,1.5773381294964028,0.4006942564592482,1.079087889697208,0.6120027913468249,2.314814814814815,0.859,1.23,"West Africa correspondent for @TRF_Stories, reporting on human rights, women, climate change & development.",False,0
188143601,blanketcrap,Mt Morgan,284278264.5472219,1.0812375909993381,15.465961870150885,126.4521016309662,0.5195166547420303,333.3333333333333,0.596,1.748,"Seeking Paleontologist/Anthropologist & Knowledge seeking people. #heritage #qldpol #FreeTaheri #resistance #antiTrump, #Tories #LNP #Assad all can go to hell.",False,0
352220090,PaulPaul49,Liverpool UK,255217569.4082749,1.4610726643598615,43.555195771876924,93.97248965110781,0.5936731107205624,166.66666666666666,0.176,1.672,"Classic Rock   ,BBC4 ,France for Holidays  , Health , Environment,  , Bass guitar's ,Valve Amps , RSPB, Yoga,   Politics ,LFC  Science's",False,0
23164191,zakukoivu,Ottawa,331782392.3812361,0.2795311091073039,4.708242618870045,1.1090932142570533,0.21846370683579985,1.7953321364452424,0.369,0.981,Paper pusher. Arsenal = life. Good coffee or no thanks. Vegan. Love LDN. Work to live. Be the change. I need music like Kanye needs J.C. Views are my own.,False,0
69605961,ETsoukantas,"New York, NY",316715337.17871,0.19359364040215105,6.869381253779867,7.890745115983584,0.1621939275220372,12.987012987012987,0.197,1.019,VALUE INVESTOR ... My opinions are my OWN..RT does not=endorsement. Supporter of @ChelseaFC @METS @NJDEVILS,False,0
53702434,beer_zoe,"Rotterdam, The Netherlands",321461934.6324351,0.3239795918367347,1.8771043628850106,12.98061745559772,0.24470134874759153,15.873015873015873,0.039,0.921,"Musical theatre geek, mostly. Kinda ranty sometimes. She/her.",False,0
257486076,somaiaamari,"Scotland, United Kingdom",269538079.72190905,8.857777777777779,20.00702834109293,12.275080402047788,0.8985572587917042,12.048192771084338,0.24,1.094,,False,0
2344193034,Justine___C,,175766142.955714,17.22222222222222,0.0,69.37860383653353,0.9451219512195121,43.47826086956522,0.0,0.0,,False,0
1913284776,itzkingremy,I'm Everywhere.‚úà,187837534.213192,1.9150090415913201,13.0415851669967,131.0694718344047,0.6569478908188585,47.61904761904762,0.19,1.108,"Dear God, I wanna take a minute, not to ask for anything from you. But simply to say thank you, for all I have.üôè",False,0
469587557,StechWMS,"Woodstown, NJ",241095869.4366269,0.19738276990185388,1.2112691962844344,1.6868177831097138,0.16484517304189436,2.6178010471204187,0.75,0.62,"#Husker Alum. Was TX History Teacher in previous life. Now World History, Co-Adv JRFEA, & Ass't MS Play Prod. '14 Salem Co NJ Teacher of Yr.",False,0
29280582,Slvbabe,*On Planet ,329138456.4987259,1,11.405514991878599,16.568171516661135,1.0,52.63157894736842,0.412,1.065,1PLPB1 BGTEO UWS,False,0
2677984652,2sitwat1,Delhi,161952602.29018092,0.7967032967032966,3.5802475032854395,10.332623102910505,0.4434250764525994,8.620689655172415,0.382,1.113,"Education, startups, environment, solar, water, parenting, a bit of politics. RTs = anything starting from interesting / mystifying / annoying, etc.",False,0
2585808948,oude_lap,,164568291.73612404,0.46533203125,14.68820496645772,155.14623218511232,0.31756081306231254,125.0,0.34,1.177,witte negerin,False,0
369760961,Ramdog1980,"Paterson, NJ",252753368.93529296,0.919845404133759,1.2982901133318168,679.3185084862575,0.4791247264770241,16.129032258064516,0.237,0.037,"I'm a Pro-Palestinian Activist and Photojournalist from New Jersey. My Dad is Palestinian, my Mom is Italian. Also a Muslim. üáµüá∏üáÆüáπüá∫üá∏‚ôãÔ∏è‚ò™Ô∏è",False,0
285505398,suzzzh,,264812913.00019097,0.6643356643356644,17.27752603966371,11.740104229727491,0.39915966386554624,25.0,0.352,1.122,Loathe bullies. Lets dive beneath  the surface and find the truth with some dignity.üíß,False,0
358506497,jot_au,Jo Tracy  ,254383390.8476591,0.9102470930232558,139.64836258226526,163.97100715187608,0.47650751379113565,125.0,0.098,1.231,"I yam what I yam that I yam.....
#jot_art #rag_artist #jotracy #redfernartistsgroup",False,0
2280599455,OnyiriohaA,"Plateau, Nigeria",179082529.79703808,1.268170426065163,0.5051347001995288,3.7723478709265663,0.5591160220994476,4.8076923076923075,0.36,1.41,"‚Ä¢A certified Library & Information Scientist.
‚Ä¢Naturally prudent 
‚Ä¢Ambition...? I just wanna be a chairman! üá≥üá¨",False,0
190843347,stochasticcitiz,,283678743.9974971,0.24890061565523308,0.7955365171878763,5.549872287977596,0.19929577464788734,15.384615384615385,0.384,1.016,"People Move. I work with, study, and advocate for refugees, migrants, noncitizens. I write about mobility, nonplaceness, rhetoric.",False,0
190843347,stochasticcitiz,,283678842.4093871,0.24890061565523308,0.7955362412058835,5.549870362654521,0.19929577464788734,15.384615384615385,0.384,1.016,"People Move. I work with, study, and advocate for refugees, migrants, noncitizens. I write about mobility, nonplaceness, rhetoric.",False,0
18969508,marizaosorio,"√úT: -26.1290765,27.9663092",336268026.5592599,0.9509545753785386,0.15621824214899754,10.842779307052133,0.48743040323941283,2.0876826722338206,2.316,0.089,"Mariza Osorio is a #Entrepreneur #Mentor #InspiringOthers #WeightlossIsPossible  tweets about LIFE/Places/Health. I'm really, really nice, but sometimes I Bite",False,0
200739875,Jalaaar,Maldives,281506686.1027131,2.6941176470588237,1.01344946349127,5.639039065028803,0.7292993630573248,1.7182130584192439,0.208,1.174,,False,0
138352046,SophiaIgnatidou,"London, UK",295655372.1555631,1.3686067019400352,0.9404030035811695,3.4159014011374422,0.5778108711839166,5.780346820809249,0.492,1.092,"@ChathamHouse Academy Associate researching #AI, digital communication & #disinformation. Occasionally at @Guardian @thesundaytimes @thewiremagazine üá¨üá∑ üá¨üáß",False,0
1351104738,Rajnikant_rkp,Mumbai,202268453.14630795,0.9251040221914009,10.779258782499854,18.33648669531885,0.48054755043227665,21.73913043478261,0.123,2.084,"Studied at IIT, Kharagpur and IIT, Kanpur. Physicist, Banker, Software Consultant & Author | https://t.co/3wPJlnLwXG",False,0
82915391,laffargue,üö¥üí® #velotaf,312477753.94385505,3.446162657502864,0.6071933045002968,15.363428402210607,0.7750869509210356,8.849557522123893,0.225,1.036,"Journaliste dans ton Snap @LeMondefr ~ @entreleslignes, @festjournalisme et #TeamChocolatine forever",True,0
3255357306,2B_forgotten2, The Mediterranean benthos.,132968405.04010606,0.4962121212121212,2.278772915329829,44.5390617283385,0.33164556962025316,21.27659574468085,0.741,1.014,I'll tell God everything...,False,0
262427643,ATDLive,Between airports,268637730.70488906,6.532637075718016,1.5794892209915388,4.393366475003955,0.8672443674176776,8.928571428571429,0.43,1.413,"award-winning independent reporter & filmmaker, @ForbesUnder30, @TrumanProject, @FulbrightPrgrm, & @UNFoundation Fellow, co-founder @GoFovrth",False,0
2170473952,UKVisaSolicitor,"2 Middle Temple Lane, London",184462938.26262903,3.567901234567901,0.13957925772245064,1.5845524458894313,0.7810810810810811,1.8796992481203008,2.36,0.442,"City of London Solicitors & Barristers. UK Immigration, High Net Worth Tier 1 Investor & Entrepreneur Visas, Business Sponsorship Licences.  ‚òé 02071830570",False,0
180918327,Andjudge,,285850909.7634809,5.909090909090909,0.013903751446124494,0.2810975835846909,0.8552631578947368,2.5938375350140057,0.15334773218142547,1.3196544276457884,"Environmentalist, Socialist, Historian & Barrister. Former Merton Labour Councillor, Leader and Wimbledon Candidate",False,0
2489932688,MayasDragon,,168369851.19658804,1.4173228346456692,1.6349150280984406,12.026837260999105,0.5863192182410424,22.22222222222222,0.069,1.558,,False,0
2737015671,TheBrkNews,Global,160703113.25141406,1,0.0005376373752313709,439.24758501452914,1.0,500.0,1.273,0.0,@BBCBreaking @CNNbrk @NYTimes @BreakingNews @BBCWorld @CNN @TIME @ESPN @PBNSIR @ABC @ap @TheEconomist @WashingtonPost @BBCNews @ENews @ANI_news @XHNews @AJENews,False,0
87021541,tarik3118,Bosnia and Herzegovina,310990971.977854,0.11374407582938388,0.9882113234524535,1.5599681139121526,0.10212765957446808,7.194244604316546,0.315,1.149,,False,0
29189189,golfbender,"Medell√≠n, Colombia",329168232.3835521,2.4927536231884058,0.7701156280008836,23.3189647263894,0.7136929460580913,2.7247956403269753,0.023,0.876,Vedova di Paul Pogba,False,0
860309917084856321,emi8__,,74239965.826926,1,0.0931034911319032,0.16409490311997937,1.0,8.8125,0.574468085106383,0.2624113475177305,ŸáŸÜÿß ŸÖÿπŸÉŸÖ : ÿ≠ÿ™Ÿâ Ÿäÿ£ÿ™Ÿä ÿßŸÑŸÑŸá ÿ®ÿ£ŸÖÿ±Ÿá üí°.,False,0
230680529,RachiekraP,RVA ‚úàÔ∏è LA,274828848.6203251,0.896551724137931,0.1672488176941722,0.9641957215564401,0.4727272727272727,1.9801980198019802,0.764,0.471,My place to vent about my trivial problems and opinion about the world's.,False,0
17749000,Cyn41,NYC,340164922.388675,0.23953488372093024,0.2364688264596856,0.30784126495074,0.19324577861163228,1.937984496124031,0.644,0.7,,False,0
20715095,civicMIT,"Cambridge, MA",333714386.192075,6.23489932885906,0.15715474720294048,1.7553693344908343,0.8617810760667903,1.976284584980237,0.383,2.072,"The MIT Center for Civic Media works hand-in-hand with diverse communities to collaboratively create, design, deploy, and assess civic media tools and practices",False,0
392828316,verobellin,"ƒ∞stanbul, T√ºrkiye",249319452.46380806,3.1622247972190034,9.597864813004774,37.44574243100921,0.7597438752783965,7.462686567164179,0.409,1.176,"üáÆüáπ. Legal Researcher at @SyrianLDP .Tweets on Syria, Transitional Justice, victims' participation. #DetaineesFirst | views my own, RT not endorsements",False,0
485716927,farahclaraone,Jounieh,239561805.16203904,1.457142857142857,0.0,28.422053321039712,0.5930232558139535,3.125,0.002,0.0,,False,0
377054035,fuckipad2,,251629325.315897,1,0.0,43.58159124034016,1.0,3.0959752321981426,0.101,0.0,,False,0
355511046,chalmersdavidn,"South West, England",254774310.2706399,0.5126865671641792,1.7715820701095775,2.5190106463962367,0.33892451899358655,5.649717514124294,0.6,2.855,"Chair Lib Dem European Group, Prospective Parliamentary Candidate Torridge & West Devon, Governor Petroc College, Chair North Devon Sunrise, Cllr for Appledore",False,0
22636196,zwergstaat,"Wellington, New Zealand",332091140.197315,0.580568720379147,4.697100919564405,5.176073047232405,0.36731634182908546,3.787878787878788,0.093,1.004,Wellingteutonian. Digital Marketing is my jam.,False,0
489315806,DingaBelle,,239224482.94531393,1.1127797408716136,62.0358577737735,123.41583619076785,0.5266898954703833,250.0,0.406,1.482,"Proud x-council estate, left-leaning Socialist üåπ
No SP ¬£ yet! üò§

Tweets R my own, I RT stuff which interests me (NOT endorsements) & I BLOCK trolls/listsüëä
üòá",False,0
150248433,ukworldnews,United Kingdom,292878421.88244104,1,0.0,314.62655189048775,1.0,333.3333333333333,0.193,0.0,Latest UK and world news headlines from news sources around the web (live feeds).,False,0
929938435,fivecomputer,"Duluth, Ga",215971746.69403195,0.6372093023255814,0.00040005232778157426,31.486518510376584,0.38920454545454547,47.61904761904762,0.012,0.0,"iPhone, iPads, Laptop repair 770-622-1223 M-F 10-7pm Sat 10-6pm 3694 Club Drive STE 104 
Lawrenceville Ga 30044",False,0
285534991,awehjozi,"Johannesburg,South Africa",264810220.47024107,0.8590308370044053,0.050572066199782384,34.565517840459,0.46208530805687204,5.376344086021505,0.547,0.415,"Father,Son,Gardener,Thinker,Do-er,Innovator,Dreamer,Poet,Digital Consultant, Social Media Guru, Intellectual Bad Ass",False,0
456200786,T2Toaster,Southampton,242378028.46828508,0.3425531914893617,3.5817900058280085,4.330372710071521,0.2551505546751189,5.2356020942408374,0.089,0.972,I am a science man. I play games. I like comedy. My ~actual~ name is Sam.,False,0
2196985237,xfailadis,Athens-Greece,183617245.38174796,1.8439201451905627,1.5923210229634732,13.044421808094977,0.6483726866624122,11.627906976744185,2.317,0.594,International Relations specialist / Communication Counselor / Public Diplomacy/ Communicative Strategic Planning,False,0
110306332,MrsMaxwell919,,303194576.932168,0.9456521739130435,0.2576088292551292,0.335689381485113,0.4860335195530726,4.166666666666667,0.728,0.587,"Mom, learner, teacher. Educational Specialist freelancer - consulting, curriculum and lesson writing, book studies. Kindness costs you nothing.",False,0
4894225041,KindesaurusRex,,113098775.29924011,0.7821011673151751,28.731557803365824,11.584295201548507,0.4388646288209607,17.24137931034483,0.088,1.709,Life isn't my strong suit. Karma is my frenemy. Awkward is my lover. Poor is my job. Strange is my style. Doubtful is my situation. Pessimism is not an option.,False,0
3505467869,calaiswithlove,"London, England",127137067.63607907,0.15926892950391644,0.006795815068451471,0.07407438424612103,0.1373873873873874,9.727272727272727,0.822429906542056,0.7383177570093458,"Collecting cash, goods and messages of support for the people in Calais' Jungle. Counteracting negativity, hate and fear. #refugees #tocalaiswithlove",False,0
2756408664,drains247,"Watford, East",159450522.92834496,1.1818181818181819,0.0,25.35367037847043,0.5416666666666666,111.11111111111111,0.005,0.0,We offers a full comprehensive drainage & water service that is affordable and cost effective with no call out charges no hidden extras. call free 0800 612 8038,False,0
1539595405,LesBauxdeProven,Madrid,196253802.5915401,0.8198051948051948,12.71695308342313,24.773096550484766,0.4504906333630687,41.666666666666664,0.187,1.46,Obrero de la tiza  desde 1994.,False,0
82933448,JimtheFool,UTC-05:00  //  GMT-05:00,312476349.72984004,0.13829340058848255,14.91722494848022,4.606505424312891,0.12149187592319055,5.2631578947368425,0.07,0.944,Writer; sufferer of delusions of grandeur. They/them,False,0
107767585,shazied,"East, England",303920926.154346,0.9323044545773412,18.314458535090264,17.04910835053371,0.4824832092938827,40.0,0.252,1.437,Detest injustice.  Child is Nasser Azmi Misbih murdered by Israel aged 12 #BDS #jc4pmnow #ExtinctionRebellion,False,0
2790687473,farrisra,"San Francisco, CA",156226335.8159039,0.511001100110011,0.7930647502736038,0.12775310830767259,0.33818711321441575,1.5972222222222223,0.6173913043478261,1.3565217391304347,@AllTechIsHuman #TechEthics üåé#DiversityandInclusion üè≥Ô∏è‚Äçüåà,False,0
65110417,rosaantifawien,no nation,318091438.98543096,5.883663366336633,1.3458771520713833,3.1575826221654553,0.8547285149226896,3.215434083601286,1.067,1.037,"(queer)feministisch, anarchistisch, antifaschistisch mit viel Glitzer!‚òÖhttps://t.co/4CxCwW8s0b
‚òÖhttps://t.co/Ba015Wz6Fp",False,0
20681749,serengetisun,,333739023.29532695,0.6007077558242406,36.71091704837368,79.24260261467094,0.3752763448784083,166.66666666666666,0.194,1.444,retweets are not endorsements.,False,0
259796910,Jmoon901,,269105355.41962504,1.15,36.513627849129826,84.66967282932919,0.5348837209302325,166.66666666666666,0.729,1.47,"Crime, trial, news, and cop watcher. I love my @DallasCowboys till death do us part. #NFCEast  #TrumpImpeachmentParty #ImStillWithHer #Resist #TrumpImpeachment",False,0
21856244,_pixiecottage,Yorkshire ,332627549.1549239,0.40365111561866124,1.110950674226587,1.2439426651557461,0.2875722543352601,6.451612903225806,0.145,1.435,Hi I‚Äôm Ellie & I love Unicorns                üíñiPhone 6süíñ                                      üòçDISNEYüòç,False,0
113052418,GoaGoaZwerg,,302374746.382854,6.204236006051437,4.581239725112672,10.619744004461896,0.8611927761444771,6.896551724137931,0.526,1.247,,False,0
35890867,gabayd,Israel,327320322.96152306,0.5450236966824644,18.550958110577767,4.18220777620618,0.35276073619631904,15.151515151515152,0.006,1.628,"All those tweets will be lost in the server, like tears in the rain",False,0
712263542,nova661976,london,225150254.2453289,0.26034063260340634,0.0,20.780107114167585,0.20656370656370657,71.42857142857143,0.082,0.012,worlddefenceleague,False,0
2576746824,DavidCUnger,Italy,165013387.81917095,0.5406737880032868,1.5608333566379717,11.978257195507172,0.3509333333333333,4.25531914893617,0.031,0.756,"Teaches American Foreign Policy and Strategic Studies SAIS Europe, former NYT editorial board, author of The Emergency State (Penguin, 2012, 2013)",False,0
269929774,drosamahn,"Riyadh, Saudi Arabia",267458074.3348379,11.942046855733663,0.5171890971847254,10.009434213784333,0.9227324695121951,2.6666666666666665,0.409,1.149,"Assistant Prof. at Mass Communications Dept. King Saud University, Journalist ÿ£ŸÉÿßÿØŸäŸÖŸä ŸÖÿÆÿ™ÿµ ÿ®ÿßŸÑÿ•ÿπŸÑÿßŸÖÿå ÿ¨ÿßŸÖÿπÿ© ÿßŸÑŸÖŸÑŸÉ ÿ≥ÿπŸàÿØ",False,0
2882058447,rbarnes939,,151911499.34028602,0.8258426966292135,3.345400461499014,1.3888928811595702,0.4523076923076923,2.4691358024691357,0.127,1.196,,False,0
244282220,WarOnWarOff,"San Antonio, TX",271932081.3945391,0.9499198717948718,107.87764301130049,40.798610973389906,0.4871584138072735,37.03703703703704,0.116,1.168,"A Dreamer for a Better Dystopia, Tomorrow. 
 
But it's Today!",False,0
19103864,Niederer,Berlin,336014327.606899,0.15820642978003385,4.176336199692418,2.226762189960371,0.13659605551497445,4.545454545454546,0.302,1.223,"GER born,US Citizen,married to awesome husband,‚ù§CA (home 10 yrs), Humboldt U Berlin/MIIS (BA/MA) graduate,Liberal, Democrat,multilingual (DE, EN, FR, Êº†Ë™ûÿåŸÅÿßÿ±ÿ≥Ÿâ)",False,0
9176222,mogriebeler,,377016744.06262493,3.0216216216216214,0.08639616280434867,0.1569797653076362,0.7513440860215054,1.5804195804195804,1.2300884955752212,0.8997050147492626,"#journalist @br24 @deutschewelle - gelernt @ifpmuenchen - Weltengucker. Lebenlieber. Geschichtenerz√§hler. Soft spot for Southeast Asia, books, sewing & photos.",False,0
138846356,Hubbinzki,"Seattle, WA",295537373.06713295,0.39243027888446214,1.8037921717565857,2.3750417509482173,0.28183118741058655,2.9411764705882355,0.294,0.588,"I draw pictures and sometimes I write things on the internet. I also do boring things like sitting, breathing etc. I mostly post to https://t.co/DIcDGGB6Pw",False,0
511939693,EllisVincent1,"PENRHOS, UK",237495282.3046739,51.0,0.0,50.75145865229169,0.9807692307692307,3.134796238244514,0.003,0.0,I am Stenocaptioner,False,0
1589044687,Revolving_Bat,Kernow,194543371.483917,1.1514907332796132,1.941234991042709,7.086773450484673,0.5352059925093633,9.70873786407767,1.152,0.355,Left Wing,False,0
42371615,sturdyAlex,"London, UK and Mykonos, Greece",324956120.87924695,45.886710239651414,40.774076094180096,42.20266035578416,0.9786719947957808,37.03703703703704,0.073,1.465,"I write, act, sing and cook. Occasionally, even for money. Literary agents: rachel@furnisslawton.co.uk Acting representation: john@granthamhazeldine.com",True,0
901493434967621633,Lucretius4,,64426918.64506793,0.12359550561797752,0.49619011233664273,1.6146294466305888,0.11,2.6666666666666665,0.044,1.321,"Labor activist, scientist, and ardent Democrat.",False,0
27568809,wednesdaychef,"Berlin, Germany",329813379.0190799,66.37579617834395,6.134465515066188,3.888890146951256,0.9851578748345623,3.289473684210526,0.039,1.03,"Blogger at The Wednesday Chef; LA Times bestselling author of My Berlin Kitchen and CLASSIC GERMAN BAKING, available everywhere: https://t.co/G8zsgkc8A3",False,0
232550149,MrSamratX,Kolkata,274388678.81028795,1.5243843553838725,0.5267972447942715,12.823246262404012,0.6038638102524866,18.181818181818183,0.015,0.863,"Columnist & author. Former editor of newspapers in Delhi, Mumbai, Bengaluru, Chandigarh. Free thinker, equal opportunity offender. Mail: samratx@protonmail.com",True,0
232686753,DanDaleyy,,274353912.5526819,1.7945945945945947,1.284565606230699,1.8659110607788405,0.6421663442940039,2.0161290322580645,0.034,0.387,,False,0
108459313,elizabethmurra,,303724466.47235703,1.4130240856378233,3.9356197210039126,14.109061577329387,0.5855822550831793,21.73913043478261,0.312,1.27,"veteran intelligence professional, writer (occasionally for http://t.co/kFcm8VDhte), activist",False,0
124528185,radiondadurto,"Brescia,Milano,Trento (& more)",299170500.1907511,8.733858267716535,0.8626412023760707,23.656065004696586,0.897265814593108,9.70873786407767,1.031,1.052,"Radio Antagonista del Nord Italia.Dal 1985 via FM, satellite e web diffonde conflitto.",False,0
22012041,baykeens,"Bathtub, Southern Wild",332534700.645375,1.124413145539906,0.7851836199147401,4.148066344122708,0.5292817679558011,2.9069767441860463,0.271,0.789,"#MamaUsedToSay To Whom Much Is Given, Much is Expected. Collecting all songs about New York city. Fluent in sarcasm.",False,0
371052421,ReinaStein,"America, the beautiful",252570826.538877,0.06,0.22269555344446032,0.4245240888242323,0.05660377358490566,2.2573363431151243,0.302,1.341,living in today,False,0
94642605,Sear1232,,308231920.6926751,0.4730290456431535,6.363841861647312,7.830695777957947,0.3211267605633803,3.663003663003663,0.334,1.084,von (Be)hinderungen im Leben und den M√∂glichkeiten von Politik/Wissenschaft | Gamingerfahrung seit den 90ern | Twitchmod bei @talim_sc und @backspaceerror,False,0
2170324046,otintinfree,,184791501.51132393,0.7953340402969247,0.0,54.10207243425289,0.44300059066745423,8.928571428571429,2.831,0.488,„Åï„ÅÇÁî∑Á•≠„Çä„ÅÆÂßã„Åæ„Çä„Å†ÔºÅÔºÅÔºÅ,False,0
277938968,_rappy,,266117673.94282603,1.6,9.518628216118474,16.053878484289864,0.6153846153846154,14.084507042253522,0.046,1.102,◊û◊®◊ò◊ï◊ï◊ò◊™.,False,0
83889685,nonnie100759,England,312136297.49307394,0.7472620050547599,10.992644006985877,5.838311066787855,0.4276759884281581,47.61904761904762,0.334,1.1,üéûüé•üìöüö∂‚Äç‚ôÄÔ∏èü¶∏‚Äç‚ôÄÔ∏èüõ∏,False,0
592791860,Annabosdotter,,229979939.68162394,4.061022120518688,33.0550151918638,27.984395547322787,0.8024114544084401,11.494252873563218,0.025,1.032,"Redakt√∂r f√∂r Femplus, Aftonbladets kultur- och n√∂jesbilaga. Twittrar lite jobb och lite annat h√§r. Forts√§tt bak√•t i bussen!",False,0
31480713,Yombe,USA,328375967.8246701,0.8554578168732507,7.589758825867281,59.52143248934675,0.4610494558775994,166.66666666666666,0.24,1.53,"Democrat, anthropologist, & museums nerd. All views mine; no endorsements/trolls. Gunsense. Working to create an America where everyone votes. #TheResistance",False,0
2840919860,zaidi19857,proud indian,155704972.292845,1.0375586854460095,29.736853819232635,16.325027791786233,0.5092165898617511,27.027027027027028,0.503,1.077,"ALLAH,Quran,Rasullah(saaw) and his Ahlulbayt and their teaching. 
peace humanity justice;
peace for world‚úåüåè;
mother and doctor.",False,0
2524463646,yugvaniworld,,167105230.99175,1,0.009306710452868948,60.58771912711607,1.0,125.0,0.291,0.0,"New venture of Team @yugvani deals with live world's Unpaid News..

http://t.co/s59uBi8f4i",False,0
171151250,MargoJMilne,Bleeding Herts,288031114.466099,1.9288256227758007,10.650649342819758,78.14515748314822,0.6585662211421628,41.666666666666664,0.106,1.096,"Sing like nobody's watching, dance like you've never been hurt. 

Also @TeamXander1 Avi by @tokyo_sexwhale #spoonie #MS",False,0
251792726,lauracblank,,270561718.2684579,0.48241563055062164,0.19447540596926408,0.7657668694816014,0.32542535346273666,2.6041666666666665,1.112,1.687,"Founder @KeylightComms. Former @WorldVisionUSA @NY1Headlines, @CNN. @SMPAGWU alum.",False,0
822001694,chrisgebeneter,Amsterdam,220635817.634552,0.39559706470980655,0.14332396407358236,0.5200388641795557,0.2834608030592734,2.450980392156863,1.248,0.852,"Global Communication lead 4 Amazon campaign @ Greenpeace, bee hugger, social- & cultural anthropologist, food lover, traveler... my thoughts, own views :)",False,0
713349812,girl_from_texas,txst/sa,225110339.2757821,1.1010752688172043,5.199114371047068,15.65529869191192,0.5240532241555783,3.0864197530864197,0.121,0.706,avid movie watcher. humor and sarcasm are my default. sometimes i take cool pictures,False,0
798277891,MeiresonneL,,221605340.10243797,0.2864864864864865,0.41600441558576773,0.1282712771581233,0.22268907563025211,1.2766798418972332,0.6718266253869969,1.1578947368421053,,False,0
931850324,CursoHootUNO,,215906372.97416306,27.0,0.00040017345856826217,33.88908951231185,0.9642857142857143,76.92307692307692,0.03,0.976,,False,0
832861190,warrioroftrut,south africa,220155086.26140404,1.5522066738428417,13.064288674143745,59.04655041476077,0.6081822016026993,52.63157894736842,0.183,2.608,"To love n be loved by our Creator, ALLAH Swt n HIS Beloved Prophet Muhammad (PBUH) Inshallah",False,0
220066548,BigBadBank,,277401077.32185197,1.6758620689655173,7.184814202028327,7.438033117679836,0.6262886597938144,5.4945054945054945,0.097,0.922,Dubius sum quid faciam.,False,0
1705574928,ssimonnichols,,190561072.42157507,0.06624605678233439,0.04806018293043096,0.17365141568259487,0.0621301775147929,1.594142259414226,0.14698162729658792,0.9002624671916011,,False,0
233164948,CarryCandy,Germany,274219060.063087,0.8010425716768028,2.3183333786270848,36.76817504107996,0.44476603955619876,58.8235294117647,0.613,1.091,"O, wonder! / How many goodly creatures are there here! / How beautious mankind is! O brave new world / That has such people in¬¥t! (Shakespeare)",False,0
2496302240,nasratwall,Swat-IRP/Ghana-W/Africa,168040222.69303608,6.3428571428571425,0.0010283252261314765,14.373930010865779,0.8638132295719845,23.80952380952381,0.411,1.518,Socio Political Activist at #WAMY & #PTI (https://t.co/LKphwky41H),False,0
2951889245,CircusMaximus14,#Chiraq,148220848.60849905,1.0058679706601468,17.56786055703833,41.13973477581582,0.5014627011214042,15.625,0.292,0.863,"https://t.co/2ou7sjLDoS



ü§îhttps://t.co/gGvnlg8piRü§î",False,0
163357374,Yehia_Elemam,"Alexandria, Egypt",289803137.4359751,5.580952380952381,0.07542775483177526,10.838938555984274,0.8480463096960926,3.690036900369004,0.416,0.696,Audit Supervisor @RSM_Global . Opinions are my own.,False,0
1118782536895868928,northants_nc,,12625467.356317043,0.5263157894736842,0.581681437426195,0.8759438116535643,0.3448275862068966,3.0238095238095237,0.3700787401574803,1.1338582677165354,"Hope I'm using my white male privilege responsibly #insurgentpedagogy #UCU #PhD #SFHEA Tweets my own, thoughts less so",False,0
489315806,DingaBelle,,239233543.44248796,1.1124852767962308,62.03278598165158,123.41116206012987,0.5266239197100642,250.0,0.406,1.482,"Proud x-council estate, left-leaning Socialist üåπ
No SP ¬£ yet! üò§

Tweets R my own, I RT stuff which interests me (NOT endorsements) & I BLOCK trolls/listsüëä
üòá",False,0
321341147,p_zoran,Desert.,259540472.73358107,3.598074608904934,4.110267615544698,8.915955094122754,0.7825176655325831,8.928571428571429,0.096,1.132,"Novinar. Tu izreƒçene besede so moje. Pravijo, da sem re≈æimski lakaj, opankar, plaƒçanec, F571, po novem presstitut. https://t.co/ldCbkZA5nI",False,0
11418222,christianreber,"Berlin, Earth",369918982.68431306,13.345794392523365,0.7700626713798538,0.44914483380753983,0.9302931596091205,2.004008016032064,0.107,1.32,"Founder @Pitch, @Wunderlist, Partner @freigeist, Investor (Lilium, Notion, Onefootball, Eversports, Klara & more)",True,0
32617991,rahManPage,Chennai,328193210.0848601,2.0168539325842696,1.2573276573677532,2.758433667064346,0.6685288640595903,7.142857142857143,0.114,1.053,,False,0
26297254,SkattyBatty,"Here, There & Everywhere ",330274697.4088769,0.1471264367816092,0.034269655195499064,0.9718455652769391,0.1282565130260521,2.6881720430107525,0.437,0.904,"I have followed you for many years, and you me... but I still don't know what the fuck to tweet...",False,0
272351801,fiannabradley,,267061762.48340106,0.6041666666666666,4.045302442228688,16.19382707499656,0.37662337662337664,66.66666666666667,0.145,1.374,,False,0
2784414765,obar_ken,,156518659.71050906,0.12582781456953643,8.912767350424323,21.461630237653118,0.11176470588235295,3.2679738562091503,0.187,1.12,,False,0
2603476530,TaNeaOnline,"ŒõŒµœÖŒ∫œâœÉŒØŒ±, ŒöœçœÄœÅŒøœÇ - Cyprus",163719300.710248,1.9214711729622267,0.11399022545929936,578.5879978051398,0.6577067029601905,50.0,0.001,0.0,"ŒïŒπŒ¥ŒÆœÉŒµŒπœÇ Œ±œÄœå œÑŒ∑ŒΩ ŒöœçœÄœÅŒø, œÑŒ∑ŒΩ ŒïŒªŒªŒ¨Œ¥Œ± Œ∫Œ±Œπ œÑŒøŒΩ Œ∫œåœÉŒºŒø.",False,0
214966747,RMamatas,,278613124.9022629,1.1612903225806452,1.71737494480151,3.6741528252091533,0.5373134328358209,45.45454545454545,0.325,1.202,I raise flowers and fig trees.,False,0
2737995358,Humainbeen,,160623282.74948502,0.6626506024096386,4.66847387977696,4.880946190240366,0.39855072463768115,20.0,0.459,1.086,,False,0
4883925141,iam_tunde,Africa ,113371591.6068151,0.5048543689320388,0.24691899975334936,1.6766104921523721,0.33548387096774196,5.154639175257732,0.001,0.006,ŸÑŸéÿß ÿ•ŸêŸÑŸ∞ŸáŸé ÿ•ŸêŸÑŸéŸëÿß Ÿ±ŸÑŸÑŸá ŸÖŸèÿ≠ŸéŸÖŸéŸëÿØŸå ÿ±Ÿéÿ≥ŸèŸàŸÑŸè Ÿ±ŸÑŸÑŸá,False,0
301091461,JC2009USA,USA America,262446320.15619206,0.9763639594810734,0.8009683651685232,59.009607720097456,0.494020321913497,7.8125,0.321,1.092,"Luv BrunoMars Nickelback BSEGER Daughtry Pink Xtina KellyC Boyce Avenue, an optimistic opinion re art/music/flowers/choc foodie/interior design & politics",False,0
419038123,Abu_yasmin0,"Ghent, Belgium",246198677.40811896,3.627906976744186,1.7216924333730057,1.2802148383499237,0.7839195979899497,2.4813895781637716,0.486,1.984,"Alum @AaltoUniversity,
Doctorial Candidate @DS_ugent and Managing director of Risiq group (@risiqbs )Addis:-BahirDar:-Helsinki:- Brussels.",False,0
337367370,MagiSenserrich,Catalunya,257258328.13449788,1.508849557522124,0.15348307783201037,0.76943048427382,0.6014109347442681,3.2679738562091503,0.431,1.359,Professor @JCIgualada @JCICatalonia @FETE_UGT  #educacio #transformaci√≥social,False,0
490419761,AngieEwart,"Liverpool, England",239139264.41000104,0.9962956102982033,12.634873689415087,56.26711628973828,0.4990721840786788,55.55555555555556,0.159,1.671,"Wife, Mother & Nanny. Liverpool supporter, Supporter of Mental Health campaigns & Socialist.",False,0
40181190,quick2b,,325837255.956352,0.5159817351598174,0.48763484560305864,1.3114964362983839,0.34036144578313254,6.172839506172839,0.161,0.838,Opinions my own.,False,0
2775559109,AntoniaScribe,Extra Ecclesiam nulla salus,157076510.79963493,0.4823529411764706,0.3184791904615968,0.1072598309844756,0.3253968253968254,2.225806451612903,0.15942028985507245,0.9710144927536232,"""No time to do her hair drinking sloppy tea with a book of poetry""",False,0
2737015671,TheBrkNews,Global,160716167.69271898,1,0.0005375937047303937,439.2119063899127,1.0,500.0,1.273,0.0,@BBCBreaking @CNNbrk @NYTimes @BreakingNews @BBCWorld @CNN @TIME @ESPN @PBNSIR @ABC @ap @TheEconomist @WashingtonPost @BBCNews @ENews @ANI_news @XHNews @AJENews,False,0
2737015671,TheBrkNews,Global,160716349.8237059,1,0.000537593095505059,439.21140865525115,1.0,500.0,1.273,0.0,@BBCBreaking @CNNbrk @NYTimes @BreakingNews @BBCWorld @CNN @TIME @ESPN @PBNSIR @ABC @ap @TheEconomist @WashingtonPost @BBCNews @ENews @ANI_news @XHNews @AJENews,False,0
29224245,PlaceFarm,Moved from Suffolk,329169673.04008293,1,0.0,0.023885553998294968,1.0,1.1097560975609757,0.04395604395604396,0.0,Now tweeting @Cambridge_Rach,False,0
348564110,Essszzz,The Netherlands,255725237.456393,1.238390092879257,2.0863017092357863,14.207799105551947,0.5532503457814661,2.8901734104046244,0.881,0.761,Always drawing & creating ‚úèÔ∏è | graphic designer | beginner cellist | Bowie | Christian,False,0
2234315188,mykelvelli22,,180675862.73267102,1,0.0014346133239917815,10.029381748026545,1.0,8.928571428571429,0.007,1.013,"An artist,love Good music contact me 08170996351,20C56DBB...rep Y D C mykelvelli99@yahoo.com",False,0
819467034,HumanityStrong,Sutton and New York,220749220.80293393,0.9097437571405256,125.26302516231797,14.809579794251984,0.47636954106486623,18.867924528301888,0.551,1.779,"Account of Patrick Bonneville, founder of Humanity Strong. I strongly support NGOs, UN agencies, ICRC, IUCN and all humanity fighters.",False,0
842450550121746433,cloudcover2,,78508101.86469197,0.3333333333333333,0.0033015700780376646,0.1397664666369278,0.25,1.0588235294117647,0.015873015873015872,0.1349206349206349,,False,0
76067370,independentmags,United Kingdom,314652183.08475494,0.4808510638297872,0.10846261947214031,4.32202944428225,0.32471264367816094,4.854368932038835,0.425,0.898,Digital digests from Independent News Ltd. Network distributor of quality news and magazine brands. Investors in multimedia technology and marketing services.,False,0
311355617,scareydicarey1,"west yorkshire, uk",260936557.7383399,0.533026113671275,6.1782741903746885,5.740871317472338,0.34769539078156314,3.9215686274509802,0.517,1.03,Passionate about photography.,False,0
19417982,RenaNetjes,Istanbul ,335449344.1745801,3.087222305054421,15.035097511996241,54.09559778586416,0.7553350600080254,52.63157894736842,0.352,1.09,Studied Arabic & Hebrew. Fmr Egypt/Libya corresp @BNR @Parool. Joined the Conflict Research Unit of @Clingendaelorg as Associate Fellow. rnetjes@clingendael.org,False,0
3295667921,ki_du_,,135791035.43318892,1,1.7968314272119108,3.3563334909854214,1.0,16.666666666666668,3.024,1.209,,False,0
1209311300,dadbanazadi,,206645592.96828604,27.34722222222222,24.993609231205074,32.40748522049425,0.9647231749142577,83.33333333333333,1.217,1.211,ÿØÿßÿØÿ®ÿßŸÜ ÿ±ÿ≤ŸÖ Ÿà Ÿæÿß€åÿØÿßÿ±€å ŸÇŸáÿ±ŸÖÿßŸÜÿßŸÜ ÿßÿ¥ÿ±ŸÅ€å ÿØÿ± ÿ±ÿßŸá ÿ≥ÿ±ŸÜ⁄ØŸàŸÜ€å ÿßÿ≥ÿ™ÿ®ÿØÿßÿØ ŸàŸÑÿß€åÿ™ ŸÅŸÇ€åŸá Ÿà ÿ¢ÿ≤ÿßÿØ€å ÿÆŸÑŸÇ Ÿà ŸÖ€åŸáŸÜ ÿßÿ≤ ŸÜ⁄©ÿ®ÿ™ ÿßÿ±ÿ™ÿ¨ÿßÿπ Ÿà ÿßÿ≥ÿ™ÿπŸÖÿßÿ± ÿ∂ÿØÿ®ÿ¥ÿ±€å https://t.co/k2NGVeWsJ3,False,0
1284129332,Ea_Christina,,204390759.8650751,0.295668549905838,6.367849509729214,3.832376769463957,0.22819767441860464,4.504504504504505,0.097,0.4,TheGreatDane BarkingAboutImmigration-Refugees-SmartBimbos-SocialJustice-GlobalChaos-Science- Discrimination;All while teaching the neXtGENEratiONlovingkINdnesS,False,0
490761333,dim114114,Corfu - Athens,239116280.59433103,1.07909891598916,42.289757831904566,54.280509749229154,0.5190224032586558,142.85714285714286,0.146,1.111,Economist.Views expressed are mine. We will be known for ever by the tracks we leave. Dakota Indian Proverb.,False,0
15797140,hhariri,,349836754.2854781,20.562381852551987,0.0009878893391458213,27.0390251570907,0.9536229342918512,17.24137931034483,0.029,1.16,"Developer Advocacy at @JetBrains. Host of @TalkingKotlin, and learning to play the üé∏",False,0
401083691,negativland2006,Europe,248266415.04306006,0.3762817654926438,8.631772443438695,16.94093661146443,0.27340459993521216,66.66666666666667,0.143,1.193,"European, Linux user, scientist, anti fascism, software eng, mountain biker, ex chemist. Vote Green.
Fuck brexit",False,0
1082259558,amey561990,Mumbai,210221401.24588203,1.160857908847185,0.015617819977138573,3.6373080736230623,0.5372208436724566,2.898550724637681,0.199,0.292,Food Fanatic I Traveller I Event organiser I Decent Photographer I Meditator I Business Developer I Sportsmen I Startup Enthusiast,False,0
228371144,masonfallon,England,275431256.25384307,0.5037919826652221,0.2038984273747123,2.3548699912337927,0.335014409221902,4.504504504504505,0.101,1.243,#iamsoldierx,False,0
39529894,LouDawson,I'm behind you...,326060172.4599099,0.898989898989899,5.146740821914806,0.7997149668196922,0.4734042553191489,3.4129692832764507,0.208,1.716,,False,0
306756011,nickdearden75,London ,261621567.5865929,1.6015906078394244,0.9435185419806721,5.789247476696248,0.6156197685421064,7.092198581560283,0.599,0.888,A man who stands for nothing will fall for anything.,False,0
621281857,WaleedYrcs,Yemen,227289970.0939591,0.31016042780748665,0.46185935946317436,0.5838814618398649,0.23673469387755103,5.291005291005291,1.327,1.247,"Youth Ambassador at IFRC Global Conference  ‚Äì Sydney 2013. IFRC Youth Network Member MENA Zone, YRCS Youth &Volanteers representative.
Tweet is my own .",False,0
3067390639,KeepitRealTea,United States,142421798.24040294,1.2581658291457287,4.287186424716726,195.05272607995548,0.5571627260083449,166.66666666666666,0.121,1.622,Respect Power Create Influence Destroy = Black Empowerment Economics Wealth Unity üëÇüèø‚úäüèø‚ù§Ô∏è,False,0
494582291,KatherineRoosev,,238758014.18810606,0.37980085348506404,20.1874287503607,17.488944252611446,0.2752577319587629,37.03703703703704,0.282,1.645,,False,0
964719528,OpenBordersInfo,Global,214592904.22389102,2.3781094527363185,0.11233176645416908,2.168526502229945,0.7039764359351989,12.048192771084338,0.321,1.295,"'Open borders: the efficient, egalitarian, libertarian, utilitarian way to double world GDP.' ‚Äî Bryan Caplan",False,0
64746727,proudvegan,,318199570.12885904,1.4518618821936358,39.328344770963035,62.99578592102567,0.5921466836030265,20.0,0.531,1.002,"A hundred years from now it will not matter the sort
of house I lived in but the world may be different because I was important in the life of animals!",False,0
2320216189,NettiePearl01,"Mocks ville, USA ",177059318.9331479,0.9540481400437637,5.8054035573699645,5.450159900165179,0.48824188129899215,28.4375,0.1824175824175824,1.3747252747252747,#FeelTheBern #HindsightIs2020 üî•üí® Voted 4 Obama Twice but #DEMexit we need a real Progressive Party. RTs are not an endorsement.,False,0
2837748081,TCI_News,21¬∞45‚Ä≤N 71¬∞35‚Ä≤W,154438194.68772006,1.746390458254865,18.943997667907414,32.66275943072194,0.6358857142857143,20.408163265306122,0.775,1.063,News and events in the Turks and Caicos Islands - 2 groups of islands in the Lucayan Archipelago and part of the Antilles islands. Photos copyright protected.,False,0
2507997720,news_anc,,167684313.889477,0.15590438815554764,0.0010305078393551754,298.1254026715326,0.13487654320987655,250.0,0.0,0.0,NEWS VIEWS ANALYSIS,False,0
3062850630,WorldNews24x7in,"Gurgaon, India",142641757.96283007,0.47638510445049953,0.0,230.93483192056448,0.3226699477083974,125.0,0.0,0.0,"World News24x7,  India`s premier online global news resource.",False,0
2160933336,RamneetANC,New Delhi INDIA,185234024.87392712,0.4294276296074318,0.01445954652134216,251.807405425359,0.30041928721174005,166.66666666666666,0.0,0.0,Media Related Services,False,0
3291753905,AngelineAyieko,National Capital Region,136057834.13649607,0.33714285714285713,0.005080192584181325,0.1123992609250118,0.25213675213675213,3.6041666666666665,0.4046242774566474,1.2080924855491328,"clinical counselor/psychologist, addiction counselor/group facilitator/tutor/teacher",False,0
91374834,tsanga10,Athens / London,309467366.1441059,1.345855694692904,0.3769056539088702,1.0162493186876205,0.5737163192679207,2.4096385542168677,0.385,0.956,Asylum & immigration. Senior Policy Advisor for @freefromtorture. Views my own.,False,0
236609670,smokeablezy24,,273448853.2489631,1.1363636363636365,0.25466700325342856,1.2853416491748726,0.5319148936170213,5.181347150259067,0.106,0.362,,False,0
486990466,HonigIsstBrot,"K√∂ln, Deutschland",239415227.09663606,0.6082004555808656,38.18608244290931,17.666485341355422,0.3781869688385269,11.627906976744185,0.024,0.576,I'd rather be a hippy than a hipster. | she/her,False,0
457074426,benjamintucker7,"Manchester, England",242257415.33941197,1.643598615916955,2.7436732909445287,4.772985786131629,0.6217277486910995,3.7735849056603774,0.044,0.823,The show must go on,False,0
32530423,bubbleeyed,,328161496.8469689,0.6499470151889791,7.061567009735573,5.485806279215928,0.39391993149218585,4.9504950495049505,0.555,1.446,PROUD #Trump2016 supporter. ALL ABOARD! HA HA HA!!!! #TrumpTrain OUR next POTUS Donald J. Trump!,False,0
200550985,chadkirchner,"Tiffin, OH",281517589.6491599,1.1147295446764807,11.602043069743749,0.23662606689343252,0.5271262925713823,20.612903225806452,0.07042253521126761,0.974960876369327,"Cars. Trucks. SUVs. Adventures. Nerdy Stuff. Opinions my own. Tweets regularly deleted, because it's Twitter. Not a NACTOY juror.",False,0
274365335,InquisitiveC,"Washington, DC",266693463.7892871,0.9432485322896281,0.8484707378459929,0.7483647974128459,0.48539778449144005,1.8050541516245486,1.035,0.994,Director Of Marketing & Sales - @GW_MBB - Instagram - @cemonroe4 #Raisehigh George Washington University '03 - MTA ‚Äò18,False,0
157968892,ishaninsan,Sirsa ,291037984.69432807,0.3872262773722628,0.6278768051253664,9.300889032897272,0.2791370691923178,8.928571428571429,0.85,1.647,,False,0
2816838925,simmuinsan725,"Sirsa, Haryana ",157120821.712039,10.636363636363637,2.1170968709013076,28.80846440770094,0.9140625,11.363636363636363,0.548,1.218,"Little Rose & Member of Shah Satnam Ji Green S Welfare Force Wing....
Want to be the best 'Daughter of MSG'
dhan dhan satguru tera hi aasra",False,0
2831100747,koulnek,ŒöŒ±ŒªœÖŒ≤ŒπŒ± Œ±œÑœÑŒπŒ∫Œ∑œÇ,154809035.72034192,10.677551020408163,122.02841205035493,331.5372992356666,0.9143656064313177,500.0,0.101,1.164,ŒöŒ°ŒôŒ£Œó ŒïŒôŒùŒëŒô ŒùŒë Œ£Œï Œ§ŒëŒôŒñŒüŒ•Œù Œ§Œë Œ†ŒïŒ°ŒôŒ£Œ§ŒïŒ°ŒôŒë Œ£Œ§Œü Œ£Œ•ŒùŒ§ŒëŒìŒúŒë,False,0
1072583418,EuroHagan,Brussels/ Portadown ,210457506.6135099,0.3387932821895086,22.022285042611454,3.753103477798667,0.25305869598884934,2.314814814814815,0.298,1.245,Ulster Culture Vulture in voluntary exile. All views are my own.,False,0
302297265,team_tops,Surrey,262225364.61150098,1.177281800036291,0.3324529651399576,2.128160259503455,0.5407117259771648,3.508771929824561,1.098,1.802,"We are a trusted supplier of printed, embroidered & bespoke clothing for your workwear, events and promotional needs.",False,0
21309551,pedroboucherie,away,333096769.9312401,16.795400475812848,2.1964644092797077,13.250895230569574,0.9438057040998218,4.672897196261682,0.049,0.547,H√° sempre algu√©m a querer mais do que n√≥s,False,0
2934815153,MWolfffff,,149011508.05938506,1.28,5.966937799499707,12.15594703784971,0.5614035087719298,17.54385964912281,0.218,1.205,,False,0
2739320601,emmalisabailey,"London, England",160455870.6661749,0.2927927927927928,0.8825454588359427,0.40869554805154396,0.2264808362369338,2.0,0.604221635883905,1.266490765171504,"Londoner, rooftop gardener, music therapist.",False,0
1479490598,EddieDadds,,197900416.23286295,0.41596638655462187,1.9995511254224885,0.5020706974314109,0.29376854599406527,1.9011406844106464,0.263,1.196,Amateur footballer who takes it way too seriously (#BobNeil130); law grad; writer at https://t.co/UFpIvMR3k3 and passionate fan of any sport involving a ball,False,0
41508279,antiinertia,Across the Atlantic,325287403.1837969,4.914893617021277,0.006374670459736049,79.09584861932828,0.8309352517985612,17.54385964912281,0.119,0.0,Refusing to stand still: Standing for what's right and forbidding / admonishing what's wrong.,False,0
2986071513,isaacxrodriguez,"Monterrey, Nuevo Le√≥n",146465934.2296431,1.8181818181818181,0.06842819835693627,0.05898982616977264,0.6451612903225806,1.3108108108108107,0.030927835051546393,0.44329896907216493,snapchat // @isaacxrodriguez,False,0
214441761,AmandineFlachs,"London, UK",278678042.1351509,1.8176047397376216,4.9227387615084774,5.277108984735848,0.6450886151997597,8.620689655172415,1.812,1.158,"Supporting early-stage #Startups for the past 8 years
üëâ Now actively looking for my next challenge
üéô Producer & host @EntrepreneursPG
üë©‚Äçüíª Scout @BackedVC",False,0
406443172,Pamelajn922,New York,247552301.1813531,0.8766411378555798,14.944565582081811,22.645280101408584,0.46713307098090656,11.363636363636363,0.038,1.161,"Mother of 3, happily married to my best friend for 29 years, proud American-less government-more freedom, 2A #Israel #tcot https://t.co/JLjG6iTl2C",False,0
384233189,EmanuelaDePaula,"new york, NY",250524842.0848739,201.20320855614975,0.09277163816004366,2.1337476776810043,0.9950544800592405,1.5015015015015014,0.996,0.244,model,True,0
584377441,_CBudd,"Atlanta, GA",230764014.51588106,3.406574394463668,13.09418717792349,13.651681379391139,0.7730663525716529,10.638297872340425,0.023,0.706,accept the mystery ‚ò• cbuddinquiries@gmail.com,False,0
128195806,CarnegieRussia,"Washington, DC",298124573.7678759,39.175438596491226,0.055643853139447266,2.7239404982170043,0.9751091703056769,3.058103975535168,0.324,0.974,"Latest insights from the Global Think Tank‚Äôs experts on Russia, Ukraine, and Eurasia. Part of @CarnegieEndow. RT ‚â† endorsement. –ù–∞ —Ä—É—Å—Å–∫–æ–º @CarnegieRu",True,0
84818372,Navi4Real,Global,311779242.6639309,4.610542476970317,1.5995317575953996,12.151952027428251,0.8217641156617714,6.802721088435374,1.168,3.315,TO DONATE CLICK LINK BELOW - PRAY FOR MY SISTER IN LAW üôèüèΩüôèüèΩ SHE HAS BONE CANCER OF THE RAREST KIND - PLEASE DONATE WHATEVER YOU CAN - thanks üëáüèæüëáüèæüëáüèæ,False,0
3026492440,SdsimmsS,,144668588.667212,0.1111111111111111,0.03284748986479193,0.047180939987610235,0.1,1.1451612903225807,0.2676056338028169,0.9295774647887324,,False,0
16218068,rinf_community,,347128041.1237371,142.66666666666666,0.0,22.443517886885157,0.9930394431554525,62.5,0.001,0.001,The RINF online community forum and open publishing newswire: http://t.co/aaPyq1rdKB,False,0
2209905223,GoMaestra,,182980531.71302795,0.39646464646464646,4.11411636501656,9.152763872315047,0.28390596745027125,5.1020408163265305,0.593,1.502,"*Organizer & tweeter for
Dignity and Power Now
*Working to eliminate AR-15 weapons/grenade launchers in 8 SoCal school districts",False,0
3246640488,srivastavaman92,"Bihar, India",133710486.2414701,0.23462414578587698,1.0403372533459319,1.037752564517743,0.1900369003690037,26.31578947368421,0.378,1.333,"If you cannot bite, never show your teeth",False,0
63939305,Jodie_di_Don,,318438280.05102706,2.002280501710376,8.442251351091384,24.03850692439799,0.6669198632738321,15.625,0.027,0.847,talk to mi nice,False,0
57195876,Chill_itsJustJ,,320455094.54122806,2.0398886827458256,3.8870619354118086,66.70367600365903,0.6710405859017394,37.03703703703704,0.008,0.365,,False,0
502503323,_lmp3,"Bozeman, MT",238012040.1117661,0.7537993920972644,1.4912321235233763,2.7820844680338745,0.42980935875216636,2.2675736961451247,0.051,0.38,Montana State University (GO GRIZüêª) Writer || Montana Enthusiast || Learner,False,0
2203193244,PerimpanouAk,"Syros, Cyclades",183286821.4995699,0.8341708542713567,3.6580044026873657,3.736726920116334,0.4547945205479452,3.7735849056603774,0.493,1.262,"One day I will find the right words, and they will be simple... J. Kerouac",False,0
15108836,alexondrawirgau,Probably at work ,354787314.913434,3.5913705583756346,6.977268622481596,6.878396992844671,0.7822001105583195,2.347417840375587,0.049,0.804,CMU/ZTA Alum,False,0
1359612846,rvrdcr,"Pembroke Pines, FL",201950828.27015996,1.8,0.0,0.16514118949482823,0.6428571428571429,2.109289617486339,0.13989637305699482,0.10621761658031088,"Autism Research, Testing & Natural Interventions",False,0
2374491168,N_Sherman1996,Colorado,174095396.458071,0.944954128440367,0.7047170832546861,0.6268011803877948,0.4858490566037736,1.7361111111111112,0.087,0.914,NKŒ® | ACU alum #Nobleü§¥üèæ#Yang2020,False,0
1269346998,CHCommsLtd,Leeds,204816110.81485105,0.737512742099898,0.2826340162875634,3.219074892970741,0.42446465239073045,3.1746031746031744,2.68,1.491,A PR and Communications agency. We specialise in the B2B sector focussing on manufacturing and the supply chain.,False,0
1613840354,BBS_913,"Brooklyn, Queens and Albany",193628301.25861812,1.7866551766588699,35.2907584045432,63.013251269005515,0.6411468457324616,12.658227848101266,0.423,1.124,"Official Page of BI$HOP 170k+ total streams I Produceüéπ, Engineerüéß and Songwrite https://t.co/B5nhbSkiHP For booking: ibishoprecord1618@gmail.com",False,0
513111162,noseypeople2,me well i'm in Derby,237381714.10264707,0.92643391521197,5.0282558810905895,10.955519509288942,0.4809061488673139,10.75268817204301,0.183,1.259,Up the Rams - Any Rams supporters out there,False,0
329708172,running__ERINds,,258287328.5879891,2.911392405063291,2.162949313286517,2.559679577059763,0.7443365695792881,2.1052631578947367,0.152,1.002,ESUTF üèÉüèº‚Äç‚ôÄÔ∏è ESU ‚Äò17 AU ‚Äò20 LAT ATC,False,0
2809283671,hahahahaharish,"Delhi, India",157469721.92757893,0.6391304347826087,0.2458072544117505,1.0232824318703453,0.38992042440318303,3.048780487804878,0.359,0.679,"Wannabe that's Gonnabe. Also, lame rhymer.",False,0
3338645583,PrCiacci,,133281043.62998104,0.24279835390946503,8.86358005478778,1.5940571458146093,0.19536423841059603,2.8901734104046244,0.628,1.409,"No hables, s√≥lo act√∫a, No digas, s√≥lo demuestra, No prometas, s√≥lo hazlo || La mentalit√† vincente non √® di chi vince,ma di chi lavora ogni giorno per migliorare",False,0
596303533,thjr19,,229619848.53239608,1.0525514089870525,35.98045749444162,55.02256046570593,0.5128014842300557,40.0,1.797,1.076,"Hear today, gone to Murrow.",False,0
1217525227,JamesAl58513218,,206383939.71179008,1,0.0,70.51441706327999,1.0,111.11111111111111,0.0,0.0,,False,0
149099047,ShaziaAwan,Cardiffüå∏,293114666.68532896,2.923955359460161,8.405524117443687,8.263447296549877,0.7451551028507176,5.291005291005291,0.189,1.283,Welsh üè¥Û†ÅßÛ†Å¢Û†Å∑Û†Å¨Û†Å≥Û†ÅøFeministü¶ã PoliticsüåçPR consultantüå∑Equality activistüåà My viewsüí™üèΩ,True,0
76875072,amarjeet786,India,314389053.401278,1.4817518248175183,0.3927159634353163,0.17396025532159218,0.5970588235294118,1.4452054794520548,0.16429699842022116,0.8657187993680885,Executive Director Right Tight Fasteners,False,0
274737299,ThePoon_Pilot,,266636311.91946793,0.9298578199052133,1.6655495900128192,9.412623441768945,0.4818271119842829,3.3783783783783785,0.05,0.454,Follow me on Instagram @thereal_poonpilot : SNAPCHAT @thepoon_pilot,False,0
101815939,allaboutdann,,305533673.625942,10.236486486486486,0.010463003838698874,118.98047232759555,0.9110042092603728,83.33333333333333,0.955,0.016,I am What I am @allaboutdann,False,0
15084853,IrishTimes,Ireland,354971201.84592104,3171.62091503268,0.008762400960487216,122.17805099250013,0.999684803187402,166.66666666666666,0.021,1.121,"Diverse opinion, thorough reporting and outstanding writing from http://t.co/1Etncb0wHP, plus RTs of our journalists. Customer service team is @IrishTimesHelp.",True,0
561036687,andyhebb,"Bournemouth, England",232992484.84344006,0.20949535192563082,0.27552476657406416,2.566867340815171,0.1732088937688718,3.484320557491289,0.268,0.807,Left Wing Liberal in Town Full of Tories. Barcelona ‚ù§Ô∏èCape Town ‚ù§Ô∏èHavana. Saying how it is since 1964 üëïMan City,False,0
2560992629,Just_liv13,üè≥Ô∏è‚Äçüåà,167280550.69825912,1,19.370208828668815,13.081850764272824,1.0,26.31578947368421,0.021,0.878,NJ‚úàÔ∏èCA,False,0
1209311300,dadbanazadi,,206606641.92400503,27.34722222222222,24.985775635900385,32.40104934507535,0.9647231749142577,90.9090909090909,1.209,1.21,ÿØÿßÿØÿ®ÿßŸÜ ÿ±ÿ≤ŸÖ Ÿà Ÿæÿß€åÿØÿßÿ±€å ŸÇŸáÿ±ŸÖÿßŸÜÿßŸÜ ÿßÿ¥ÿ±ŸÅ€å ÿØÿ± ÿ±ÿßŸá ÿ≥ÿ±ŸÜ⁄ØŸàŸÜ€å ÿßÿ≥ÿ™ÿ®ÿØÿßÿØ ŸàŸÑÿß€åÿ™ ŸÅŸÇ€åŸá Ÿà ÿ¢ÿ≤ÿßÿØ€å ÿÆŸÑŸÇ Ÿà ŸÖ€åŸáŸÜ ÿßÿ≤ ŸÜ⁄©ÿ®ÿ™ ÿßÿ±ÿ™ÿ¨ÿßÿπ Ÿà ÿßÿ≥ÿ™ÿπŸÖÿßÿ± ÿ∂ÿØÿ®ÿ¥ÿ±€å https://t.co/k2NGVeWsJ3,False,0
585094831,madisonmae94,Rexburg,230703102.71386504,2.03125,0.4999672680737984,3.6424581642589984,0.6701030927835051,5.347593582887701,0.1,0.606,i dont know what to put here so....,False,0
2864522800,ChloeJayKay,,152852936.01696992,0.8457943925233645,11.120712786382345,10.65890418891999,0.4582278481012658,8.264462809917354,0.019,0.756,"I used to play lacrosse, but now I'm the future presidents mommy.",False,0
112337572,usui1965,,302559593.595315,3.685217391304348,0.6804980055446114,11.124414731009601,0.7865627319970304,13.698630136986301,0.191,0.097,"The Department of International Studies, Niigata University of International and Information Studies.

https://t.co/mFKc5cAC06",False,0
3418560687,Ammeddki885Moh,,128757395.67416811,1,0.0,163.83585804564538,1.0,500.0,1.369,0.0,,False,0
1355529368,Todd_the_Hiker,"Cincinnati, Ohio, USA",202098804.59880304,1.065820019117848,24.74791085443967,10.364641216746742,0.5159307244843998,6.329113924050633,0.809,2.123,"Servant of Christ, Husband, Dad, Pap, USAF Vet, Michigan State Alum, Hiker/Backpacker/Explorer/Photographer of God's Amazing Creation ~Psalm 19:1 Romans 1:18-20",False,0
2277227090,mistrygk,,179257242.28333402,0.9705882352941176,0.006747844519933572,1.5385085505448544,0.4925373134328358,6.097560975609756,0.829,0.978,,False,0
2815056552,CalderValleyPSC,Calder Valley,157199041.810148,0.6144578313253012,0.010992433415000936,19.192788742591635,0.3805970149253731,22.727272727272727,0.0,0.0,,False,0
26713320,carolmalouf,Lebanon,330104526.546206,17.924012158054712,2.7505760357179074,6.4405199839100336,0.947157083199486,3.215434083601286,0.87,0.69,Journalist specialized in Middle East Affairs,True,0
2367440061,RealYoannaB,"Sofia, Bulgaria",174721301.46570992,0.5298346513299784,8.387245216849529,6.2964915598222415,0.34633458646616544,5.681818181818182,0.813,0.949,Fan Of Everyone. Here to express my thoughts üí≠üôãüèΩ‚≠êÔ∏è #TeamMendes. @GinaShkeda is my beauty youtuber(followed me on 21.05.2017)‚ù§Ô∏è,False,0
3227163079,rai_paramjit,,135520204.7352631,0.7012987012987013,1.1915684477857167,193.32735846422963,0.4122137404580153,250.0,0.659,2.751,,False,0
462069653,JohnTrainer65,"Columbus, OH",241783119.09524798,1.0048309178743962,0.2165510983393921,0.8204642273716902,0.5012048192771085,2.202643171806167,0.266,0.665,Ohio State,False,0
154666607,Mook_TheCartel,Jeeeerrrrsssseeeey ‚úàÔ∏è ATL,291872670.14723897,0.9290822407628129,0.4910963398104094,37.56368965435908,0.4816187828236021,1.3123359580052494,0.022,0.078,#CMG #CartelMusicNj #DFO #CartelNationÓåä #LakerNation,False,0
65672980,KatmaiNPS,Alaska,317899039.435307,169.25242718446603,0.4536081652091474,0.8014921984432448,0.9941263686131386,2.150537634408602,0.563,0.462,"The official Twitter feed of Katmai National Park & Preserve in Southwest Alaska. Volcanoes, coast, tundra, cultural history, #bearcam. üêªüêüüåãüå≤",True,0
2412239788,ApacheThundaWof,Early Turley ,173289970.8217709,0.5370716510903427,40.65023709447706,18.11363915127193,0.34941224158897444,19.607843137254903,0.04,1.088,Professional Air Hockey Player,False,0
857832920,ListaSihombing_,Indonesia,218992784.59578705,1.002409638554217,0.5298585531672912,5.133275975621465,0.5006016847172082,14.705882352941176,0.936,1.359,calum's arm is all i need,False,0
263969619,liightoutside,"My Couch, Ontario, Canada",268352080.74394608,0.8,0.04765083231160478,0.19961835157564164,0.4444444444444444,2.343612334801762,0.5639097744360902,0.5263157894736842,| booklover | gamer | nerd | waiting for z-day | mom|,False,0
2265771628,gcromptonx,üåçüåª,179123605.13049793,2.0438413361169103,9.316561034958001,8.690472698257224,0.6714677640603567,6.369426751592357,0.004,0.938,,False,0
14290667,zoelle,San Francisco,360966068.0038109,1.0087796312554873,1.2475322195526861,3.857727701943715,0.5021853146853147,2.4813895781637716,0.043,0.981,"Experimental literature, cocktails, alternate reality games, octopuses, @airtable. I get really excited about cheese. She/her. Unexpectedly tall.",False,0
455949997,jaricheson,,242376615.0057161,5.803636363636364,6.222184429650664,6.695220163718061,0.8530197755211117,10.416666666666666,0.123,1.3,"professor of social psychology with a focus on race, diversity, & social inequality; political junkie; the beach is my happy place",False,0
3249339235,enballad,Êó•Êú¨,133492965.00660706,2.633946830265849,106.4743569018526,32.475167510028975,0.7248171074845244,11.494252873563218,0.342,0.849,"Music teacher, Piano major.
Art. Movies. Photo. I like beautiful things. and Humor.
Of course Beautiful Music.
With Two lovable cats.
I am not good at talking.",False,0
623570742,Zachuuury,,227041968.83418107,1.2098765432098766,10.466167168130438,12.911177678083464,0.547486033519553,3.952569169960474,0.02,0.531,üåπI eat a lot of veggies,False,0
2166994668,ManUtd_BITW,"London, England",184922349.5861659,1.6498357963875205,46.09156231831501,90.58428706690601,0.6226181254841209,76.92307692307692,0.35,1.243,"Man Utd and England fan, former #WWE podcast co-host - @bestofthewrest",False,0
444348689,HaliSanford,#CamWi11LiveOn,243547374.745095,2.503623188405797,3.1566228164218106,10.221597348793171,0.7145811789038262,2.028397565922921,0.033,0.495,dazed and confused,False,0
51768925,izzyt84,"Chicago, IL",321961603.309947,1.4632850241545894,0.6373430803251946,9.051345160542521,0.5940380466758188,4.366812227074236,1.684,0.774,"‚ÄúThe supreme art of war is to subdue the enemy without fighting.‚Äù  ‚Äï Sun Tzu, The Art of War",False,0
2324352691,camshawty,,176790260.95051003,1.8775894538606404,5.6089786545288725,15.977549808531187,0.6524869109947644,7.8125,0.199,0.573,4 years 6 months supporting Cameron Dallas / I met him 03.06.16/,False,0
1016733578,TheNewsRoundup,,212443644.0905509,1,0.0004066960928385003,163.62075198250693,1.0,200.0,0.178,0.0,News rounded up from different sources as a service.,False,0
1236556939,BruhItsShannon,England,205904712.331676,0.8740771550379536,12.66093995848269,46.70486600864732,0.4664040392831382,2.6525198938992043,0.329,0.466,"24|Mummy of two, and that‚Äôs about it... :) just a full time Mum. what‚Äôs your superpower?‚ú®",False,0
89788302,art_in_action,San Francisco Bay Area,310019937.0770271,1.2169811320754718,1.8588739983416498,1.6150187137016283,0.548936170212766,2.2831050228310503,1.714,0.757,Building creative confidence and critical thinking in students through innovative visual arts programs. #artsed,False,0
3070276309,JahanM3,FL,142233006.42403793,0.18421052631578946,0.6038092153094338,0.3383518439913024,0.15555555555555556,1.6439169139465875,0.30324909747292417,0.8989169675090253,Too legit to quit,False,0
44930494,ValenciaToh,"√úT: 1.3481128,103.8795847",323949472.09867406,1.0537261698440208,0.31924978710413926,4.774344560527316,0.5130801687763713,3.2679738562091503,0.051,0.464,http://t.co/cKA8FdEcai,False,0
3351495831,Sandymukhtar1,"Tanta, Egypt",132529862.04031706,4.887323943661972,3.9180905496003167,10.022749435866102,0.8301435406698564,2.028397565922921,0.086,0.405,"‚Ä¢ Pisces ‚ôì M'74üå†
 #AIESECer üåç‚úà #UnitedNations #Alien üëΩ #JohnnyDepp #Traveller #Dreamer",False,0
3181170474,mini_mariin,crying,137719212.01361895,1.645550527903469,35.442898115894714,13.181533450979094,0.6220068415051311,10.638297872340425,0.021,0.697,Cali Sparkle 15-forever NCA & WORLD CHAMP 2019 Silver Medalist gemini,False,0
1283424414,liggylazalea,"Nairobi,Mombasa",204375134.96684694,1.0319134239005296,8.407269310323523,1.58151528586113,0.5078530471636108,3.389830508474576,0.143,0.988,natural model . Messed up mind ü§°. Rocks and roll. University of Nairobi . fascinated by history . üòé... #AmbitiousFollowers,False,0
1144872264,CatrionaRoseann,"London, via Glasgow. ",208276050.31333494,0.29844961240310075,3.0336814965015977,2.4197270845198715,0.2298507462686567,2.7548209366391183,0.105,1.559,"If you can't change your fate, change your attitude -
Amy Tan. Geek, read lots, rubbish at being a modern person, sell books for a living, Knope wannabe.",False,0
1491880526,WorldNews24_7,Worldwide,197507597.45904303,1,0.03368376753901624,284.59721409783356,1.0,111.11111111111111,0.0,0.0,"Latest news updates from all around the world. Follow us and stay updated 24 hours a day, 7 days a week. Team: @AllNewsGroup",False,0
1691161056,NiamhRandall,Ireland,190988520.72512007,1.0945273631840795,1.7480087218461287,4.059234539628704,0.5225653206650831,6.024096385542169,0.7,1.363,Head of Advocacy & Comms @respondhousing formerly @simoncommunity @merchantsquayIR Homelessness/Housing/Drug Policy/Human Rights/@womenonairIE board-own views,False,0
3305703314,krishan21263228,,129505919.21317291,0.28125,0.002001452918714429,0.45366266157527063,0.21951219512195122,16.72222222222222,0.782392026578073,1.7275747508305648,,False,0
38398195,gicvd,Roma,326483416.197325,0.7366296670030272,16.8209364627599,19.196858673556576,0.4241719930273097,6.666666666666667,0.842,1.354,"Tra il dire ed il fare, preferisco il fare. Napolontano. Opinioni personali, retweet non √® endorsement.",False,0
16480880,jswenc,"New York, NY",345686364.5671811,1.3364485981308412,0.12571858324355192,0.10372407961446134,0.572,1.5018315018315018,0.12195121951219512,1.324390243902439,"Social Psychologist @PolicingEquity @JohnJayCollege. I research how inequality influences interpersonal interactions. She/her. Views = my own, RT ‚â† endorsement.",False,0
84109909,bergro30,"Dublin, Ireland",312027626.673897,0.682645034414946,9.967517405920075,7.851181724239738,0.40569758948137324,11.627906976744185,0.526,1.172,interest in social justice&kindness; all views are own (cept the rts) We #repealedthe8th now let‚Äôs #RaiseTheRoof She/Her,False,0
2680124670,TDSB_ConEd_Int,Toronto,161858773.5995071,1.2975871313672922,0.4649386519275417,0.272771126446583,0.5647607934655776,1.7080536912751678,0.5579567779960707,2.1100196463654224,The department of adult international education at the Toronto District School board,False,0
524864590,__Frantz,hardly home but always reppin‚Äô,236395811.35529494,2.0980392156862746,2.3124470643788153,1.9038306872687292,0.6772151898734177,1.9455252918287937,0.146,0.873,UT üèÄüë®üèæ‚Äçüéìüå¥,False,0
521619007,DrewHinton34,,236670883.33814907,0.16063348416289594,2.734693811385602,3.5549924356258162,0.13840155945419103,3.5335689045936394,0.403,0.939,,False,0
170290373,MiracleGuruGal,Êñ∞Âä†Âù° Singapore,288195424.3547871,1.6428571428571428,0.014989828550094543,9.281701838218542,0.6216216216216216,5.405405405405405,2.286,0.409,"Living my life to the fullest cos life is simply too short. You only live once! I have conquered #Preikestolen (Pulpit Rock)! Yay!

‚ô• Instagram: MiracleGuruGal",False,0
131088932,KICKZSTORE,NYC,297374664.63868594,66.20588235294117,0.0023243405783738066,5.077812536029877,0.9851203501094092,3.278688524590164,0.151,0.119,ONLINE SNEAKER BOUTIQUE PEDDLING SNEAKERS SINCE 2002,False,0
97671114,Isles98,"Leeds, England",307022410.8307719,0.7082452431289641,0.8954551534400405,1.9780497402671415,0.4146039603960396,2.3094688221709005,0.46,1.217,20. LUFC. Hudds Uni.,False,0
253747929,CharlotteSwithy,West Yorkshire,270186959.810658,0.8804937348045633,1.613282892355213,19.77254862241973,0.46822476379910494,3.9682539682539684,0.293,0.821,22| BCAFC‚öΩÔ∏è Jordanüíñ,False,0